location,date,total_cases,new_cases,new_cases_smoothed,total_deaths,new_deaths,new_deaths_smoothed,total_cases_per_million,new_cases_per_million,new_cases_smoothed_per_million,total_deaths_per_million,new_deaths_per_million,new_deaths_smoothed_per_million,reproduction_rate,icu_patients,icu_patients_per_million,hosp_patients,hosp_patients_per_million,weekly_icu_admissions,weekly_icu_admissions_per_million,weekly_hosp_admissions,weekly_hosp_admissions_per_million,total_vaccinations,people_vaccinated,people_fully_vaccinated,total_boosters,new_vaccinations,new_vaccinations_smoothed,total_vaccinations_per_hundred,people_vaccinated_per_hundred,people_fully_vaccinated_per_hundred,total_boosters_per_hundred,new_vaccinations_smoothed_per_million,population
Costa Rica,3/6/2020,1,1,,,,,0.196,0.196,,,,,,,,,,,,,,,,,,,,,,,,,5094114
Costa Rica,3/7/2020,1,0,,,,,0.196,0,,,,,,,,,,,,,,,,,,,,,,,,,5094114
Costa Rica,3/8/2020,5,4,,,,,0.982,0.785,,,,,,,,,,,,,,,,,,,,,,,,,5094114
Costa Rica,3/9/2020,9,4,,,,,1.767,0.785,,,,,,,,,,,,,,,,,,,,,,,,,5094114
Costa Rica,3/10/2020,9,0,,,,,1.767,0,,,,,,,,,,,,,,,,,,,,,,,,,5094114
Costa Rica,3/11/2020,13,4,1.857,,,0,2.552,0.785,0.365,,,0,,,,,,,,,,,,,,,,,,,,,5094114
Costa Rica,3/12/2020,22,9,3.143,,,0,4.319,1.767,0.617,,,0,,,,,,,,,,,,,,,,,,,,,5094114
Costa Rica,3/13/2020,23,1,3.143,,,0,4.515,0.196,0.617,,,0,,,,,,,,,,,,,,,,,,,,,5094114
Costa Rica,3/14/2020,26,3,3.571,,,0,5.104,0.589,0.701,,,0,,,,,,,,,,,,,,,,,,,,,5094114
Costa Rica,3/15/2020,27,1,3.143,,,0,5.3,0.196,0.617,,,0,,,,,,,,,,,,,,,,,,,,,5094114
Costa Rica,3/16/2020,35,8,3.714,,,0,6.871,1.57,0.729,,,0,,,,,,,,,,,,,,,,,,,,,5094114
Costa Rica,3/17/2020,41,6,4.571,,,0,8.049,1.178,0.897,,,0,,,,,,,,,,,,,,,,,,,,,5094114
Costa Rica,3/18/2020,50,9,5.286,,,0,9.815,1.767,1.038,,,0,,,,,,,,,,,,,,,,,,,,,5094114
Costa Rica,3/19/2020,69,19,6.714,1,1,0.143,13.545,3.73,1.318,0.196,0.196,0.028,,,,,,,,,,,,,,,,,,,,,5094114
Costa Rica,3/20/2020,89,20,9.429,1,0,0.143,17.471,3.926,1.851,0.196,0,0.028,,,,,,,,,,,,,,,,,,,,,5094114
Costa Rica,3/21/2020,117,28,13,2,1,0.286,22.968,5.497,2.552,0.393,0.196,0.056,,,,,,,,,,,,,,,,,,,,,5094114
Costa Rica,3/22/2020,134,17,15.286,2,0,0.286,26.305,3.337,3.001,0.393,0,0.056,1.14,,,,,,,,,,,,,,,,,,,,5094114
Costa Rica,3/23/2020,158,24,17.571,2,0,0.286,31.016,4.711,3.449,0.393,0,0.056,1.13,,,,,,,,,,,,,,,,,,,,5094114
Costa Rica,3/24/2020,177,19,19.429,2,0,0.286,34.746,3.73,3.814,0.393,0,0.056,1.12,,,,,,,,,,,,,,,,,,,,5094114
Costa Rica,3/25/2020,201,24,21.571,2,0,0.286,39.457,4.711,4.235,0.393,0,0.056,1.12,,,,,,,,,,,,,,,,,,,,5094114
Costa Rica,3/26/2020,231,30,23.143,2,0,0.143,45.346,5.889,4.543,0.393,0,0.028,1.11,,,,,,,,,,,,,,,,,,,,5094114
Costa Rica,3/27/2020,263,32,24.857,2,0,0.143,51.628,6.282,4.88,0.393,0,0.028,1.1,,,,,,,,,,,,,,,,,,,,5094114
Costa Rica,3/28/2020,295,32,25.429,2,0,0,57.91,6.282,4.992,0.393,0,0,1.08,,,,,,,,,,,,,,,,,,,,5094114
Costa Rica,3/29/2020,314,19,25.714,2,0,0,61.64,3.73,5.048,0.393,0,0,1.06,,,,,,,,,,,,,,,,,,,,5094114
Costa Rica,3/30/2020,330,16,24.571,2,0,0,64.781,3.141,4.823,0.393,0,0,1.04,,,,,,,,,,,,,,,,,,,,5094114
Costa Rica,3/31/2020,347,17,24.286,2,0,0,68.118,3.337,4.767,0.393,0,0,1.03,,,,,,,,,,,,,,,,,,,,5094114
Costa Rica,4/1/2020,375,28,24.857,2,0,0,73.614,5.497,4.88,0.393,0,0,1.01,,,,,,,,,,,,,,,,,,,,5094114
Costa Rica,4/2/2020,396,21,23.571,2,0,0,77.737,4.122,4.627,0.393,0,0,1,,,,,,,,,,,,,,,,,,,,5094114
Costa Rica,4/3/2020,416,20,21.857,2,0,0,81.663,3.926,4.291,0.393,0,0,0.98,,,,,,,,,,,,,,,,,,,,5094114
Costa Rica,4/4/2020,435,19,20,2,0,0,85.393,3.73,3.926,0.393,0,0,0.97,,,,,,,,,,,,,,,,,,,,5094114
Costa Rica,4/5/2020,454,19,20,2,0,0,89.122,3.73,3.926,0.393,0,0,0.96,,,,,,,,,,,,,,,,,,,,5094114
Costa Rica,4/6/2020,467,13,19.571,2,0,0,91.674,2.552,3.842,0.393,0,0,0.95,,,,,,,,,,,,,,,,,,,,5094114
Costa Rica,4/7/2020,483,16,19.429,2,0,0,94.815,3.141,3.814,0.393,0,0,0.94,,,,,,,,,,,,,,,,,,,,5094114
Costa Rica,4/8/2020,502,19,18.143,3,1,0.143,98.545,3.73,3.562,0.589,0.196,0.028,0.93,,,,,,,,,,,,,,,,,,,,5094114
Costa Rica,4/9/2020,539,37,20.429,3,0,0.143,105.808,7.263,4.01,0.589,0,0.028,0.92,,,,,,,,,,,,,,,,,,,,5094114
Costa Rica,4/10/2020,558,19,20.286,3,0,0.143,109.538,3.73,3.982,0.589,0,0.028,0.9,,,,,,,,,,,,,,,,,,,,5094114
Costa Rica,4/11/2020,577,19,20.286,3,0,0.143,113.268,3.73,3.982,0.589,0,0.028,0.89,,,,,,,,,,,,,,,,,,,,5094114
Costa Rica,4/12/2020,595,18,20.143,3,0,0.143,116.801,3.533,3.954,0.589,0,0.028,0.87,,,,,,,,,,,,,,,,,,,,5094114
Costa Rica,4/13/2020,612,17,20.714,3,0,0.143,120.139,3.337,4.066,0.589,0,0.028,0.85,,,,,,,,,,,,,,,,,,,,5094114
Costa Rica,4/14/2020,618,6,19.286,3,0,0.143,121.316,1.178,3.786,0.589,0,0.028,0.83,,,,,,,,,,,,,,,,,,,,5094114
Costa Rica,4/15/2020,626,8,17.714,4,1,0.143,122.887,1.57,3.477,0.785,0.196,0.028,0.82,,,,,,,,,,,,,,,,,,,,5094114
Costa Rica,4/16/2020,642,16,14.714,4,0,0.143,126.028,3.141,2.888,0.785,0,0.028,0.81,,,,,,,,,,,,,,,,,,,,5094114
Costa Rica,4/17/2020,649,7,13,4,0,0.143,127.402,1.374,2.552,0.785,0,0.028,0.8,,,,,,,,,,,,,,,,,,,,5094114
Costa Rica,4/18/2020,655,6,11.143,4,0,0.143,128.58,1.178,2.187,0.785,0,0.028,0.79,,,,,,,,,,,,,,,,,,,,5094114
Costa Rica,4/19/2020,660,5,9.286,5,1,0.286,129.561,0.982,1.823,0.982,0.196,0.056,0.79,,,,,,,,,,,,,,,,,,,,5094114
Costa Rica,4/20/2020,662,2,7.143,6,1,0.429,129.954,0.393,1.402,1.178,0.196,0.084,0.79,,,,,,,,,,,,,,,,,,,,5094114
Costa Rica,4/21/2020,669,7,7.286,6,0,0.429,131.328,1.374,1.43,1.178,0,0.084,0.79,,,,,,,,,,,,,,,,,,,,5094114
Costa Rica,4/22/2020,681,12,7.857,6,0,0.286,133.684,2.356,1.542,1.178,0,0.056,0.8,,,,,,,,,,,,,,,,,,,,5094114
Costa Rica,4/23/2020,686,5,6.286,6,0,0.286,134.665,0.982,1.234,1.178,0,0.056,0.8,,,,,,,,,,,,,,,,,,,,5094114
Costa Rica,4/24/2020,687,1,5.429,6,0,0.286,134.862,0.196,1.066,1.178,0,0.056,0.81,,,,,,,,,,,,,,,,,,,,5094114
Costa Rica,4/25/2020,693,6,5.429,6,0,0.286,136.039,1.178,1.066,1.178,0,0.056,0.82,,,,,,,,,,,,,,,,,,,,5094114
Costa Rica,4/26/2020,695,2,5,6,0,0.143,136.432,0.393,0.982,1.178,0,0.028,0.84,,,,,,,,,,,,,,,,,,,,5094114
Costa Rica,4/27/2020,697,2,5,6,0,0,136.825,0.393,0.982,1.178,0,0,0.86,,,,,,,,,,,,,,,,,,,,5094114
Costa Rica,4/28/2020,705,8,5.143,6,0,0,138.395,1.57,1.01,1.178,0,0,0.88,,,,,,,,,,,,,,,,,,,,5094114
Costa Rica,4/29/2020,713,8,4.571,6,0,0,139.965,1.57,0.897,1.178,0,0,0.9,,,,,,,,,,,,,,,,,,,,5094114
Costa Rica,4/30/2020,719,6,4.714,6,0,0,141.143,1.178,0.925,1.178,0,0,0.92,,,,,,,,,,,,,,,,,,,,5094114
Costa Rica,5/1/2020,725,6,5.429,6,0,0,142.321,1.178,1.066,1.178,0,0,0.94,,,,,,,,,,,,,,,,,,,,5094114
Costa Rica,5/2/2020,733,8,5.714,6,0,0,143.892,1.57,1.122,1.178,0,0,0.96,,,,,,,,,,,,,,,,,,,,5094114
Costa Rica,5/3/2020,739,6,6.286,6,0,0,145.069,1.178,1.234,1.178,0,0,0.98,,,,,,,,,,,,,,,,,,,,5094114
Costa Rica,5/4/2020,742,3,6.429,6,0,0,145.658,0.589,1.262,1.178,0,0,1,,,,,,,,,,,,,,,,,,,,5094114
Costa Rica,5/5/2020,755,13,7.143,6,0,0,148.21,2.552,1.402,1.178,0,0,1.02,,,,,,,,,,,,,,,,,,,,5094114
Costa Rica,5/6/2020,761,6,6.857,6,0,0,149.388,1.178,1.346,1.178,0,0,1.04,,,,,,,,,,,,,,,,,,,,5094114
Costa Rica,5/7/2020,765,4,6.571,6,0,0,150.173,0.785,1.29,1.178,0,0,1.05,,,,,,,,,,,,,,,,,,,,5094114
Costa Rica,5/8/2020,773,8,6.857,6,0,0,151.744,1.57,1.346,1.178,0,0,1.08,,,,,,,,,,,,,,,,,,,,5094114
Costa Rica,5/9/2020,780,7,6.714,6,0,0,153.118,1.374,1.318,1.178,0,0,1.1,,,,,,,,,,,,,,,,,,,,5094114
Costa Rica,5/10/2020,792,12,7.571,7,1,0.143,155.474,2.356,1.486,1.374,0.196,0.028,1.12,,,,,,,,,,,,,,,,,,,,5094114
Costa Rica,5/11/2020,801,9,8.429,7,0,0.143,157.24,1.767,1.655,1.374,0,0.028,1.13,,,,,,,,,,,,,,,,,,,,5094114
Costa Rica,5/12/2020,804,3,7,7,0,0.143,157.829,0.589,1.374,1.374,0,0.028,1.14,,,,,,,,,,,,,,,,,,,,5094114
Costa Rica,5/13/2020,815,11,7.714,8,1,0.286,159.989,2.159,1.514,1.57,0.196,0.056,1.16,,,,,,,,,,,,,,,,,,,,5094114
Costa Rica,5/14/2020,830,15,9.286,8,0,0.286,162.933,2.945,1.823,1.57,0,0.056,1.18,,,,,,,,,,,,,,,,,,,,5094114
Costa Rica,5/15/2020,843,13,10,9,1,0.429,165.485,2.552,1.963,1.767,0.196,0.084,1.19,,,,,,,,,,,,,,,,,,,,5094114
Costa Rica,5/16/2020,853,10,10.429,10,1,0.571,167.448,1.963,2.047,1.963,0.196,0.112,1.2,,,,,,,,,,,,,,,,,,,,5094114
Costa Rica,5/17/2020,863,10,10.143,10,0,0.429,169.411,1.963,1.991,1.963,0,0.084,1.21,,,,,,,,,,,,,,,,,,,,5094114
Costa Rica,5/18/2020,866,3,9.286,10,0,0.429,170,0.589,1.823,1.963,0,0.084,1.21,,,,,,,,,,,,,,,,,,,,5094114
Costa Rica,5/19/2020,882,16,11.143,10,0,0.429,173.141,3.141,2.187,1.963,0,0.084,1.23,,,,,,,,,,,,,,,,,,,,5094114
Costa Rica,5/20/2020,897,15,11.714,10,0,0.286,176.086,2.945,2.3,1.963,0,0.056,1.24,,,,,,,,,,,,,,,,,,,,5094114
Costa Rica,5/21/2020,903,6,10.429,10,0,0.286,177.263,1.178,2.047,1.963,0,0.056,1.25,,,,,,,,,,,,,,,,,,,,5094114
Costa Rica,5/22/2020,911,8,9.714,10,0,0.143,178.834,1.57,1.907,1.963,0,0.028,1.27,,,,,,,,,,,,,,,,,,,,5094114
Costa Rica,5/23/2020,918,7,9.286,10,0,0,180.208,1.374,1.823,1.963,0,0,1.29,,,,,,,,,,,,,,,,,,,,5094114
Costa Rica,5/24/2020,930,12,9.571,10,0,0,182.564,2.356,1.879,1.963,0,0,1.31,,,,,,,,,,,,,,,,,,,,5094114
Costa Rica,5/25/2020,951,21,12.143,10,0,0,186.686,4.122,2.384,1.963,0,0,1.34,,,,,,,,,,,,,,,,,,,,5094114
Costa Rica,5/26/2020,956,5,10.571,10,0,0,187.668,0.982,2.075,1.963,0,0,1.35,,,,,,,,,,,,,,,,,,,,5094114
Costa Rica,5/27/2020,984,28,12.429,10,0,0,193.164,5.497,2.44,1.963,0,0,1.37,,,,,,,,,,,,,,,,,,,,5094114
Costa Rica,5/28/2020,1000,16,13.857,10,0,0,196.305,3.141,2.72,1.963,0,0,1.39,,,,,,,,,,,,,,,,,,,,5094114
Costa Rica,5/29/2020,1022,22,15.857,10,0,0,200.624,4.319,3.113,1.963,0,0,1.4,,,,,,,,,,,,,,,,,,,,5094114
Costa Rica,5/30/2020,1047,25,18.429,10,0,0,205.531,4.908,3.618,1.963,0,0,1.42,,,,,,,,,,,,,,,,,,,,5094114
Costa Rica,5/31/2020,1056,9,18,10,0,0,207.298,1.767,3.533,1.963,0,0,1.43,,,,,,,,,,,,,,,,,,,,5094114
Costa Rica,6/1/2020,1084,28,19,10,0,0,212.795,5.497,3.73,1.963,0,0,1.44,,,,,,,,,,,,,,,,,,,,5094114
Costa Rica,6/2/2020,1105,21,21.286,10,0,0,216.917,4.122,4.178,1.963,0,0,1.46,,,,,,,,,,,,,,,,,,,,5094114
Costa Rica,6/3/2020,1157,52,24.714,10,0,0,227.125,10.208,4.852,1.963,0,0,1.47,,,,,,,,,,,,,,,,,,,,5094114
Costa Rica,6/4/2020,1194,37,27.714,10,0,0,234.388,7.263,5.44,1.963,0,0,1.47,,,,,,,,,,,,,,,,,,,,5094114
Costa Rica,6/5/2020,1228,34,29.429,10,0,0,241.063,6.674,5.777,1.963,0,0,1.47,,,,,,,,,,,,,,,,,,,,5094114
Costa Rica,6/6/2020,1263,35,30.857,10,0,0,247.933,6.871,6.057,1.963,0,0,1.48,,,,,,,,,,,,,,,,,,,,5094114
Costa Rica,6/7/2020,1318,55,37.429,10,0,0,258.73,10.797,7.347,1.963,0,0,1.48,,,,,,,,,,,,,,,,,,,,5094114
Costa Rica,6/8/2020,1342,24,36.857,11,1,0.143,263.441,4.711,7.235,2.159,0.196,0.028,1.48,,,,,,,,,,,,,,,,,,,,5094114
Costa Rica,6/9/2020,1375,33,38.571,11,0,0.143,269.919,6.478,7.572,2.159,0,0.028,1.48,,,,,,,,,,,,,,,,,,,,5094114
Costa Rica,6/10/2020,1461,86,43.429,12,1,0.286,286.802,16.882,8.525,2.356,0.196,0.056,1.48,,,,,,,,,,,,,,,,,,,,5094114
Costa Rica,6/11/2020,1538,77,49.143,12,0,0.286,301.917,15.115,9.647,2.356,0,0.056,1.48,,,,,,,,,,,,,,,,,,,,5094114
Costa Rica,6/12/2020,1612,74,54.857,12,0,0.286,316.444,14.527,10.769,2.356,0,0.056,1.47,,,,,,,,,,,,,,,,,,,,5094114
Costa Rica,6/13/2020,1662,50,57,12,0,0.286,326.259,9.815,11.189,2.356,0,0.056,1.46,,,,,,,,,,,,,,,,,,,,5094114
Costa Rica,6/14/2020,1715,53,56.714,12,0,0.286,336.663,10.404,11.133,2.356,0,0.056,1.45,,,,,,,,,,,,,,,,,,,,5094114
Costa Rica,6/15/2020,1744,29,57.429,12,0,0.143,342.356,5.693,11.274,2.356,0,0.028,1.45,,,,,,,,,,,,,,,,,,,,5094114
Costa Rica,6/16/2020,1796,52,60.143,12,0,0.143,352.564,10.208,11.806,2.356,0,0.028,1.45,,,,,,,,,,,,,,,,,,,,5094114
Costa Rica,6/17/2020,1871,75,58.571,12,0,0,367.287,14.723,11.498,2.356,0,0,1.45,,,,,,,,,,,,,,,,,,,,5094114
Costa Rica,6/18/2020,1939,68,57.286,12,0,0,380.635,13.349,11.245,2.356,0,0,1.46,,,,,,,,,,,,,,,,,,,,5094114
Costa Rica,6/19/2020,2058,119,63.714,12,0,0,403.996,23.36,12.507,2.356,0,0,1.46,,,,,,,,,,,,,,,,,,,,5094114
Costa Rica,6/20/2020,2127,69,66.429,12,0,0,417.541,13.545,13.04,2.356,0,0,1.47,,,,,,,,,,,,,,,,,,,,5094114
Costa Rica,6/21/2020,2213,86,71.143,12,0,0,434.423,16.882,13.966,2.356,0,0,1.47,,,,,,,,,,,,,,,,,,,,5094114
Costa Rica,6/22/2020,2277,64,76.143,12,0,0,446.986,12.564,14.947,2.356,0,0,1.48,,,,,,,,,,,,,,,,,,,,5094114
Costa Rica,6/23/2020,2368,91,81.714,12,0,0,464.85,17.864,16.041,2.356,0,0,1.49,,,,,,,,,,,,,,,,,,,,5094114
Costa Rica,6/24/2020,2515,147,92,12,0,0,493.707,28.857,18.06,2.356,0,0,1.49,,,,,,,,,,,,,,,,,,,,5094114
Costa Rica,6/25/2020,2684,169,106.429,12,0,0,526.883,33.176,20.892,2.356,0,0,1.5,,,,,,,,,,,,,,,,,,,,5094114
Costa Rica,6/26/2020,2836,152,111.143,12,0,0,556.721,29.838,21.818,2.356,0,0,1.5,,,,,,,,,,,,,,,,,,,,5094114
Costa Rica,6/27/2020,2979,143,121.714,14,2,0.286,584.793,28.072,23.893,2.748,0.393,0.056,1.5,,,,,,,,,,,,,,,,,,,,5094114
Costa Rica,6/28/2020,3130,151,131,15,1,0.429,614.435,29.642,25.716,2.945,0.196,0.084,1.5,,,,,,,,,,,,,,,,,,,,5094114
Costa Rica,6/29/2020,3269,139,141.714,15,0,0.429,641.721,27.286,27.819,2.945,0,0.084,1.5,,,,,,,,,,,,,,,,,,,,5094114
Costa Rica,6/30/2020,3459,190,155.857,16,1,0.571,679.019,37.298,30.596,3.141,0.196,0.112,1.5,,,,,,,,,,,,,,,,,,,,5094114
Costa Rica,7/1/2020,3753,294,176.857,17,1,0.714,736.733,57.714,34.718,3.337,0.196,0.14,1.5,,,,,,,,,,,,,,,,,,,,5094114
Costa Rica,7/2/2020,4023,270,191.286,18,1,0.857,789.735,53.002,37.55,3.533,0.196,0.168,1.49,,,,,,,,,,,,,,,,,,,,5094114
Costa Rica,7/3/2020,4311,288,210.714,18,0,0.857,846.271,56.536,41.364,3.533,0,0.168,1.49,,,,,,,,,,,,,,,,,,,,5094114
Costa Rica,7/4/2020,4621,310,234.571,18,0,0.571,907.125,60.855,46.048,3.533,0,0.112,1.48,,,,,,,,,,,,,,,,,,,,5094114
Costa Rica,7/5/2020,4996,375,266.571,19,1,0.571,980.74,73.614,52.329,3.73,0.196,0.112,1.47,,,,,,,,,,,,,,,,,,,,5094114
Costa Rica,7/6/2020,5241,245,281.714,23,4,1.143,1028.834,48.095,55.302,4.515,0.785,0.224,1.46,,,,,,,,,,,,,,,,,,,,5094114
Costa Rica,7/7/2020,5486,245,289.571,23,0,1,1076.929,48.095,56.844,4.515,0,0.196,1.44,,,,,,,,,,,,,,,,,,,,5094114
Costa Rica,7/8/2020,5836,350,297.571,25,2,1.143,1145.636,68.707,58.415,4.908,0.393,0.224,1.43,,,,,,,,,,,,,,,,,,,,5094114
Costa Rica,7/9/2020,6485,649,351.714,25,0,1,1273.038,127.402,69.043,4.908,0,0.196,1.42,,,,,,,,,,,,,,,,,,,,5094114
Costa Rica,7/10/2020,6845,360,362,26,1,1.143,1343.708,70.67,71.062,5.104,0.196,0.224,1.4,,,,,,,,,,,,,,,,,,,,5094114
Costa Rica,7/11/2020,7231,386,372.857,28,2,1.429,1419.481,75.774,73.194,5.497,0.393,0.28,1.39,,,,,,,,,,,,,,,,,,,,5094114
Costa Rica,7/12/2020,7596,365,371.429,30,2,1.571,1491.133,71.651,72.913,5.889,0.393,0.308,1.37,,,,,,,,,,,,,,,,,,,,5094114
Costa Rica,7/13/2020,8036,440,399.286,34,4,1.571,1577.507,86.374,78.382,6.674,0.785,0.308,1.36,,,,,,,,,,,,,,,,,,,,5094114
Costa Rica,7/14/2020,8482,446,428,37,3,2,1665.059,87.552,84.019,7.263,0.589,0.393,1.35,,,,,,,,,,,,,,,,,,,,5094114
Costa Rica,7/15/2020,8986,504,450,40,3,2.143,1763.997,98.938,88.337,7.852,0.589,0.421,1.33,,,,,,,,,,,,,,,,,,,,5094114
Costa Rica,7/16/2020,9546,560,437.286,42,2,2.429,1873.927,109.931,85.841,8.245,0.393,0.477,1.31,,,,,,,,,,,,,,,,,,,,5094114
Costa Rica,7/17/2020,9969,423,446.286,47,5,3,1956.964,83.037,87.608,9.226,0.982,0.589,1.3,,,,,,,,,,,,,,,,,,,,5094114
Costa Rica,7/18/2020,10551,582,474.286,54,7,3.714,2071.214,114.25,93.105,10.6,1.374,0.729,1.29,,,,,,,,,,,,,,,,,,,,5094114
Costa Rica,7/19/2020,11114,563,502.571,62,8,4.571,2181.734,110.52,98.657,12.171,1.57,0.897,1.28,,,,,,,,,,,,,,,,,,,,5094114
Costa Rica,7/20/2020,11534,420,499.714,66,4,4.571,2264.182,82.448,98.096,12.956,0.785,0.897,1.26,,,,,,,,,,,,,,,,,,,,5094114
Costa Rica,7/21/2020,11811,277,475.571,68,2,4.429,2318.558,54.376,93.357,13.349,0.393,0.869,1.25,,,,,,,,,,,,,,,,,,,,5094114
Costa Rica,7/22/2020,12361,550,482.143,71,3,4.429,2426.526,107.968,94.647,13.938,0.589,0.869,1.24,,,,,,,,,,,,,,,,,,,,5094114
Costa Rica,7/23/2020,13129,768,511.857,80,9,5.429,2577.288,150.762,100.48,15.704,1.767,1.066,1.24,,,,,,,,,,,,,,,,,,,,5094114
Costa Rica,7/24/2020,13669,540,528.571,87,7,5.714,2683.293,106.005,103.761,17.079,1.374,1.122,1.23,,,,,,,,,,,,,,,,,,,,5094114
Costa Rica,7/25/2020,14600,931,578.429,98,11,6.286,2866.053,182.76,113.548,19.238,2.159,1.234,1.22,,,,,,,,,,,,,,,,,,,,5094114
Costa Rica,7/26/2020,15229,629,587.857,104,6,6,2989.529,123.476,115.399,20.416,1.178,1.178,1.2,,,,,,,,,,,,,,,,,,,,5094114
Costa Rica,7/27/2020,15841,612,615.286,115,11,7,3109.667,120.139,120.784,22.575,2.159,1.374,1.19,,,,,,,,,,,,,,,,,,,,5094114
Costa Rica,7/28/2020,16344,503,647.571,125,10,8.143,3208.409,98.741,127.122,24.538,1.963,1.598,1.18,,,,,,,,,,,,,,,,,,,,5094114
Costa Rica,7/29/2020,16800,456,634.143,133,8,8.857,3297.924,89.515,124.485,26.109,1.57,1.739,1.16,,,,,,,,,,,,,,,,,,,,5094114
Costa Rica,7/30/2020,17290,490,594.429,140,7,8.571,3394.113,96.189,116.689,27.483,1.374,1.683,1.15,,,,,,,,,,,,,,,,,,,,5094114
Costa Rica,7/31/2020,17820,530,593,150,10,9,3498.155,104.042,116.409,29.446,1.963,1.767,1.15,,,,,,,,,,,,,,,,,,,,5094114
Costa Rica,8/1/2020,18187,367,512.429,154,4,8,3570.199,72.044,100.592,30.231,0.785,1.57,1.14,,,,,,,,,,,,,,,,,,,,5094114
Costa Rica,8/2/2020,18975,788,535.143,162,8,8.286,3724.887,154.688,105.051,31.801,1.57,1.627,1.14,,,,,,,,,,,,,,,,,,,,5094114
Costa Rica,8/3/2020,19402,427,508.714,171,9,8,3808.709,83.822,99.863,33.568,1.767,1.57,1.14,,,,,,,,,,,,,,,,,,,,5094114
Costa Rica,8/4/2020,19837,435,499,181,10,8,3894.102,85.393,97.956,35.531,1.963,1.57,1.14,,,,,,,,,,,,,,,,,,,,5094114
Costa Rica,8/5/2020,20417,580,516.714,191,10,8.286,4007.959,113.857,101.434,37.494,1.963,1.627,1.14,,,,,,,,,,,,,,,,,,,,5094114
Costa Rica,8/6/2020,21070,653,540,200,9,8.571,4136.146,128.187,106.005,39.261,1.767,1.683,1.14,,,,,,,,,,,,,,,,,,,,5094114
Costa Rica,8/7/2020,22081,1011,608.714,218,18,9.714,4334.61,198.464,119.494,42.794,3.533,1.907,1.14,,,,,,,,,,,,,,,,,,,,5094114
Costa Rica,8/8/2020,22802,721,659.286,228,10,10.571,4476.146,141.536,129.421,44.758,1.963,2.075,1.14,,,,,,,,,,,,,,,,,,,,5094114
Costa Rica,8/9/2020,23286,484,615.857,235,7,10.429,4571.158,95.012,120.896,46.132,1.374,2.047,1.14,,,,,,,,,,,,,,,,,,,,5094114
Costa Rica,8/10/2020,23872,586,638.571,244,9,10.429,4686.193,115.035,125.355,47.898,1.767,2.047,1.14,,,,,,,,,,,,,,,,,,,,5094114
Costa Rica,8/11/2020,24508,636,667.286,255,11,10.571,4811.043,124.85,130.992,50.058,2.159,2.075,1.14,,,,,,,,,,,,,,,,,,,,5094114
Costa Rica,8/12/2020,25057,549,662.857,263,8,10.286,4918.814,107.771,130.122,51.628,1.57,2.019,1.14,,,,,,,,,,,,,,,,,,,,5094114
Costa Rica,8/13/2020,26129,1072,722.714,272,9,10.286,5129.253,210.439,141.872,53.395,1.767,2.019,1.14,,,,,,,,,,,,,,,,,,,,5094114
Costa Rica,8/14/2020,26931,802,692.857,281,9,9,5286.69,157.437,136.011,55.162,1.767,1.767,1.13,,,,,,,,,,,,,,,,,,,,5094114
Costa Rica,8/15/2020,27737,806,705,291,10,9,5444.912,158.222,138.395,57.125,1.963,1.767,1.13,,,,,,,,,,,,,,,,,,,,5094114
Costa Rica,8/16/2020,28465,728,739.857,294,3,8.429,5587.822,142.91,145.238,57.714,0.589,1.655,1.13,,,,,,,,,,,,,,,,,,,,5094114
Costa Rica,8/17/2020,29084,619,744.571,304,10,8.571,5709.334,121.513,146.163,59.677,1.963,1.683,1.13,,,,,,,,,,,,,,,,,,,,5094114
Costa Rica,8/18/2020,29643,559,733.571,314,10,8.429,5819.069,109.734,144.004,61.64,1.963,1.655,1.13,,,,,,,,,,,,,,,,,,,,5094114
Costa Rica,8/19/2020,30409,766,764.571,321,7,8.286,5969.438,150.37,150.089,63.014,1.374,1.627,1.13,,,,,,,,,,,,,,,,,,,,5094114
Costa Rica,8/20/2020,31075,666,706.571,333,12,8.714,6100.178,130.739,138.703,65.37,2.356,1.711,1.13,,,,,,,,,,,,,,,,,,,,5094114
Costa Rica,8/21/2020,32134,1059,743.286,340,7,8.429,6308.065,207.887,145.911,66.744,1.374,1.655,1.13,,,,,,,,,,,,,,,,,,,,5094114
Costa Rica,8/22/2020,33084,950,763.857,348,8,8.143,6494.554,186.49,149.949,68.314,1.57,1.598,1.13,,,,,,,,,,,,,,,,,,,,5094114
Costa Rica,8/23/2020,33820,736,765,355,7,8.714,6639.035,144.48,150.173,69.688,1.374,1.711,1.14,,,,,,,,,,,,,,,,,,,,5094114
Costa Rica,8/24/2020,34463,643,768.429,362,7,8.286,6765.259,126.224,150.846,71.062,1.374,1.627,1.13,,,,,,,,,,,,,,,,,,,,5094114
Costa Rica,8/25/2020,35305,842,808.857,376,14,8.857,6930.548,165.289,158.783,73.811,2.748,1.739,1.14,,,,,,,,,,,,,,,,,,,,5094114
Costa Rica,8/26/2020,36307,1002,842.571,386,10,9.286,7127.245,196.698,165.401,75.774,1.963,1.823,1.14,,,,,,,,,,,,,,,,,,,,5094114
Costa Rica,8/27/2020,37292,985,888.143,397,11,9.143,7320.606,193.36,174.347,77.933,2.159,1.795,1.14,,,,,,,,,,,,,,,,,,,,5094114
Costa Rica,8/28/2020,38485,1193,907.286,407,10,9.571,7554.798,234.192,178.105,79.896,1.963,1.879,1.14,,,,,,,,,,,,,,,,,,,,5094114
Costa Rica,8/29/2020,39699,1214,945,418,11,10,7793.112,238.314,185.508,82.055,2.159,1.963,1.14,,,,,,,,,,,,,,,,,,,,5094114
Costa Rica,8/30/2020,39699,0,839.857,418,0,9,7793.112,0,164.868,82.055,0,1.767,1.14,,,,,,,,,,,,,,,,,,,,5094114
Costa Rica,8/31/2020,41287,1588,974.857,436,18,10.571,8104.844,311.732,191.369,85.589,3.533,2.075,1.14,,,,,,,,,,,,,,,,,,,,5094114
Costa Rica,9/1/2020,42184,897,982.714,443,7,9.571,8280.93,176.086,192.912,86.963,1.374,1.879,1.14,,,,,,,,,,,,,,,,,,,,5094114
Costa Rica,9/2/2020,43305,1121,999.714,453,10,9.571,8500.988,220.058,196.249,88.926,1.963,1.879,1.13,,,,,,,,,,,,,,,,,,,,5094114
Costa Rica,9/3/2020,44458,1153,1023.714,460,7,9,8727.327,226.34,200.96,90.3,1.374,1.767,1.13,,,,,,,,,,,,,,,,,,,,5094114
Costa Rica,9/4/2020,45680,1222,1027.857,469,9,8.857,8967.212,239.885,201.773,92.067,1.767,1.739,1.13,,,,,,,,,,,,,,,,,,,,5094114
Costa Rica,9/5/2020,46920,1240,1031.571,478,9,8.571,9210.63,243.418,202.503,93.834,1.767,1.683,1.13,,,,,,,,,,,,,,,,,,,,5094114
Costa Rica,9/6/2020,46920,0,1031.571,478,0,8.571,9210.63,0,202.503,93.834,0,1.683,1.13,,,,,,,,,,,,,,,,,,,,5094114
Costa Rica,9/7/2020,48780,1860,1070.429,510,32,10.571,9575.757,365.127,210.13,100.116,6.282,2.075,1.12,,,,,,,,,,,,,,,,,,,,5094114
Costa Rica,9/8/2020,49897,1117,1101.857,531,21,12.571,9795.03,219.273,216.3,104.238,4.122,2.468,1.12,,,,,,,,,,,,,,,,,,,,5094114
Costa Rica,9/9/2020,51224,1327,1131.286,543,12,12.857,10055.527,260.497,222.077,106.594,2.356,2.524,1.12,,,,,,,,,,,,,,,,,,,,5094114
Costa Rica,9/10/2020,52549,1325,1155.857,567,24,15.286,10315.631,260.104,226.901,111.305,4.711,3.001,1.11,,,,,,,,,,,,,,,,,,,,5094114
Costa Rica,9/11/2020,53969,1420,1184.143,583,16,16.286,10594.384,278.753,232.453,114.446,3.141,3.197,1.1,,,,,,,,,,,,,,,,,,,,5094114
Costa Rica,9/12/2020,55454,1485,1219.143,590,7,16,10885.897,291.513,239.324,115.82,1.374,3.141,1.1,,,,,,,,,,,,,,,,,,,,5094114
Costa Rica,9/13/2020,55454,0,1219.143,590,0,16,10885.897,0,239.324,115.82,0,3.141,1.09,,,,,,,,,,,,,,,,,,,,5094114
Costa Rica,9/14/2020,57361,1907,1225.857,621,31,15.857,11260.251,374.354,240.642,121.905,6.085,3.113,1.09,,,,,,,,,,,,,,,,,,,,5094114
Costa Rica,9/15/2020,58137,776,1177.143,633,12,14.571,11412.583,152.333,231.079,124.261,2.356,2.86,1.08,,,,,,,,,,,,,,,,,,,,5094114
Costa Rica,9/16/2020,59516,1379,1184.571,649,16,15.143,11683.288,270.705,232.537,127.402,3.141,2.973,1.08,,,,,,,,,,,,,,,,,,,,5094114
Costa Rica,9/17/2020,60818,1302,1181.286,666,17,14.143,11938.877,255.589,231.892,130.739,3.337,2.776,1.07,,,,,,,,,,,,,,,,,,,,5094114
Costa Rica,9/18/2020,62374,1556,1200.714,686,20,14.714,12244.327,305.451,235.706,134.665,3.926,2.888,1.07,,,,,,,,,,,,,,,,,,,,5094114
Costa Rica,9/19/2020,63712,1338,1179.714,706,20,16.571,12506.984,262.656,231.584,138.591,3.926,3.253,1.06,,,,,,,,,,,,,,,,,,,,5094114
Costa Rica,9/20/2020,63712,0,1179.714,706,0,16.571,12506.984,0,231.584,138.591,0,3.253,1.06,,,,,,,,,,,,,,,,,,,,5094114
Costa Rica,9/21/2020,65602,1890,1177.286,745,39,17.714,12878,371.016,231.107,146.247,7.656,3.477,1.05,,,,,,,,,,,,,,,,,,,,5094114
Costa Rica,9/22/2020,66689,1087,1221.714,760,15,18.143,13091.384,213.384,239.829,149.192,2.945,3.562,1.05,,,,,,,,,,,,,,,,,,,,5094114
Costa Rica,9/23/2020,68059,1370,1220.429,781,21,18.857,13360.321,268.938,239.576,153.314,4.122,3.702,1.04,,,,,,,,,,,,,,,,,,,,5094114
Costa Rica,9/24/2020,69459,1400,1234.429,795,14,18.429,13635.148,274.827,242.324,156.062,2.748,3.618,1.04,,,,,,,,,,,,,,,,,,,,5094114
Costa Rica,9/25/2020,70816,1357,1206,812,17,18,13901.534,266.386,236.744,159.4,3.337,3.533,1.03,,,,,,,,,,,,,,,,,,,,5094114
Costa Rica,9/26/2020,72049,1233,1191,828,16,17.429,14143.578,242.044,233.799,162.541,3.141,3.421,1.03,,,,,,,,,,,,,,,,,,,,5094114
Costa Rica,9/27/2020,72049,0,1191,828,0,17.429,14143.578,0,233.799,162.541,0,3.421,1.02,,,,,,,,,,,,,,,,,,,,5094114
Costa Rica,9/28/2020,73714,1665,1158.857,861,33,16.571,14470.426,326.848,227.489,169.019,6.478,3.253,1.02,,,,,,,,,,,,,,,,,,,,5094114
Costa Rica,9/29/2020,74604,890,1130.714,880,19,17.143,14645.138,174.711,221.965,172.748,3.73,3.365,1.02,,,,,,,,,,,,,,,,,,,,5094114
Costa Rica,9/30/2020,75760,1156,1100.143,904,24,17.571,14872.066,226.929,215.964,177.46,4.711,3.449,1.01,,,,,,,,,,,,,,,,,,,,5094114
Costa Rica,10/1/2020,76828,1068,1052.714,917,13,17.429,15081.72,209.654,206.653,180.012,2.552,3.421,1.02,,,,,,,,,,,,,,,,,,,,5094114
Costa Rica,10/2/2020,77829,1001,1001.857,930,13,16.857,15278.221,196.501,196.67,182.564,2.552,3.309,1.02,,,,,,,,,,,,,,,,,,,,5094114
Costa Rica,10/3/2020,79182,1353,1019,950,20,17.429,15543.822,265.601,200.035,186.49,3.926,3.421,1.02,,,,,,,,,,,,,,,,,,,,5094114
Costa Rica,10/4/2020,79182,0,1019,950,0,17.429,15543.822,0,200.035,186.49,0,3.421,1.02,,,,,,,,,,,,,,,,,,,,5094114
Costa Rica,10/5/2020,81129,1947,1059.286,987,37,18,15926.028,382.206,207.943,193.753,7.263,3.533,1.02,,,,,,,,,,,,,,,,,,,,5094114
Costa Rica,10/6/2020,82142,1013,1076.857,1004,17,17.714,16124.885,198.857,211.392,197.09,3.337,3.477,1.02,,,,,,,,,,,,,,,,,,,,5094114
Costa Rica,10/7/2020,83497,1355,1105.286,1024,20,17.143,16390.878,265.993,216.973,201.016,3.926,3.365,1.02,,,,,,,,,,,,,,,,,,,,5094114
Costa Rica,10/8/2020,84828,1331,1142.857,1040,16,17.571,16652.16,261.282,224.349,204.157,3.141,3.449,1.02,,,,,,,,,,,,,,,,,,,,5094114
Costa Rica,10/9/2020,86053,1225,1174.857,1055,15,17.857,16892.633,240.474,230.63,207.102,2.945,3.505,1.02,,,,,,,,,,,,,,,,,,,,5094114
Costa Rica,10/10/2020,87439,1386,1179.571,1076,21,18,17164.712,272.079,231.556,211.224,4.122,3.533,1.02,,,,,,,,,,,,,,,,,,,,5094114
Costa Rica,10/11/2020,87439,0,1179.571,1076,0,18,17164.712,0,231.556,211.224,0,3.533,1.02,,,,,,,,,,,,,,,,,,,,5094114
Costa Rica,10/12/2020,89223,1784,1156.286,1108,32,17.286,17514.92,350.208,226.985,217.506,6.282,3.393,1.02,,,,,,,,,,,,,,,,,,,,5094114
Costa Rica,10/13/2020,90238,1015,1156.571,1124,16,17.143,17714.17,199.25,227.041,220.647,3.141,3.365,1.01,,,,,,,,,,,,,,,,,,,,5094114
Costa Rica,10/14/2020,91780,1542,1183.286,1134,10,15.714,18016.872,302.702,232.285,222.61,1.963,3.085,1.01,,,,,,,,,,,,,,,,,,,,5094114
Costa Rica,10/15/2020,93152,1372,1189.143,1159,25,17,18286.202,269.33,233.435,227.517,4.908,3.337,1.01,,,,,,,,,,,,,,,,,,,,5094114
Costa Rica,10/16/2020,94348,1196,1185,1168,9,16.143,18520.983,234.781,232.621,229.284,1.767,3.169,1,,,,,,,,,,,,,,,,,,,,5094114
Costa Rica,10/17/2020,95514,1166,1153.571,1183,15,15.286,18749.875,228.892,226.452,232.229,2.945,3.001,1,,,,,,,,,,,,,,,,,,,,5094114
Costa Rica,10/18/2020,95514,0,1153.571,1183,0,15.286,18749.875,0,226.452,232.229,0,3.001,1,,,,,,,,,,,,,,,,,,,,5094114
Costa Rica,10/19/2020,97075,1561,1121.714,1204,21,13.714,19056.307,306.432,220.198,236.351,4.122,2.692,0.99,,,,,,,,,,,,,,,,,,,,5094114
Costa Rica,10/20/2020,97922,847,1097.714,1222,18,14,19222.577,166.27,215.487,239.885,3.533,2.748,0.99,,,,,,,,,,,,,,,,,,,,5094114
Costa Rica,10/21/2020,99425,1503,1092.143,1236,14,14.571,19517.624,295.046,214.393,242.633,2.748,2.86,0.99,,,,,,,,,,,,,,,,,,,,5094114
Costa Rica,10/22/2020,100616,1191,1066.286,1251,15,13.143,19751.423,233.799,209.317,245.578,2.945,2.58,0.99,,,,,,,,,,,,,,,,,,,,5094114
Costa Rica,10/23/2020,101826,1210,1068.286,1265,14,13.857,19988.952,237.529,209.71,248.326,2.748,2.72,0.99,,,,,,,,,,,,,,,,,,,,5094114
Costa Rica,10/24/2020,103088,1262,1082,1282,17,14.143,20236.689,247.737,212.402,251.663,3.337,2.776,0.99,,,,,,,,,,,,,,,,,,,,5094114
Costa Rica,10/25/2020,103088,0,1082,1282,0,14.143,20236.689,0,212.402,251.663,0,2.776,0.99,,,,,,,,,,,,,,,,,,,,5094114
Costa Rica,10/26/2020,104460,1372,1055,1312,30,15.429,20506.019,269.33,207.102,257.552,5.889,3.029,0.98,,,,,,,,,,,,,,,,,,,,5094114
Costa Rica,10/27/2020,105322,862,1057.143,1329,17,15.286,20675.234,169.215,207.522,260.889,3.337,3.001,0.98,,,,,,,,,,,,,,,,,,,,5094114
Costa Rica,10/28/2020,106553,1231,1018.286,1340,11,14.857,20916.886,241.651,199.895,263.049,2.159,2.917,0.98,,,,,,,,,,,,,,,,,,,,5094114
Costa Rica,10/29/2020,107570,1017,993.429,1357,17,15.143,21116.528,199.642,195.015,266.386,3.337,2.973,0.98,,,,,,,,,,,,,,,,,,,,5094114
Costa Rica,10/30/2020,108866,1296,1005.714,1371,14,15.143,21370.939,254.411,197.427,269.134,2.748,2.973,0.99,,,,,,,,,,,,,,,,,,,,5094114
Costa Rica,10/31/2020,109971,1105,983.286,1385,14,14.714,21587.856,216.917,193.024,271.882,2.748,2.888,0.99,,,,,,,,,,,,,,,,,,,,5094114
Costa Rica,11/1/2020,109971,0,983.286,1385,0,14.714,21587.856,0,193.024,271.882,0,2.888,0.99,,,,,,,,,,,,,,,,,,,,5094114
Costa Rica,11/2/2020,111257,1286,971,1404,19,13.143,21840.304,252.448,190.612,275.612,3.73,2.58,0.99,,,,,,,,,,,,,,,,,,,,5094114
Costa Rica,11/3/2020,112120,863,971.143,1419,15,12.857,22009.716,169.411,190.64,278.557,2.945,2.524,0.99,,,,,,,,,,,,,,,,,,,,5094114
Costa Rica,11/4/2020,113261,1141,958.286,1431,12,13,22233.7,223.984,188.116,280.912,2.356,2.552,0.99,,,,,,,,,,,,,,,,,,,,5094114
Costa Rica,11/5/2020,114367,1106,971,1444,13,12.429,22450.813,217.113,190.612,283.464,2.552,2.44,0.99,,,,,,,,,,,,,,,,,,,,5094114
Costa Rica,11/6/2020,115417,1050,935.857,1453,9,11.714,22656.933,206.12,183.713,285.231,1.767,2.3,1,,,,,,,,,,,,,,,,,,,,5094114
Costa Rica,11/7/2020,116363,946,913.143,1464,11,11.286,22842.638,185.705,179.254,287.391,2.159,2.215,1,,,,,,,,,,,,,,,,,,,,5094114
Costa Rica,11/8/2020,116363,0,913.143,1464,0,11.286,22842.638,0,179.254,287.391,0,2.215,1,,,,,,,,,,,,,,,,,,,,5094114
Costa Rica,11/9/2020,117587,1224,904.286,1491,27,12.429,23082.915,240.277,177.516,292.691,5.3,2.44,1.01,,,,,,,,,,,,,,,,,,,,5094114
Costa Rica,11/10/2020,118566,979,920.857,1502,11,11.857,23275.097,192.183,180.769,294.85,2.159,2.328,1.01,,,,,,,,,,,,,,,,,,,,5094114
Costa Rica,11/11/2020,119768,1202,929.571,1513,11,11.714,23511.056,235.959,182.48,297.009,2.159,2.3,1.02,,,,,,,,,,,,,,,,,,,,5094114
Costa Rica,11/12/2020,120939,1171,938.857,1527,14,11.857,23740.929,229.873,184.302,299.758,2.748,2.328,1.02,,,,,,,,,,,,,,,,,,,,5094114
Costa Rica,11/13/2020,122123,1184,958,1537,10,12,23973.354,232.425,188.06,301.721,1.963,2.356,1.03,,,,,,,,,,,,,,,,,,,,5094114
Costa Rica,11/14/2020,123223,1100,980,1546,9,11.714,24189.29,215.935,192.379,303.488,1.767,2.3,1.03,,,,,,,,,,,,,,,,,,,,5094114
Costa Rica,11/15/2020,123223,0,980,1546,0,11.714,24189.29,0,192.379,303.488,0,2.3,1.03,,,,,,,,,,,,,,,,,,,,5094114
Costa Rica,11/16/2020,124592,1369,1000.714,1566,20,10.714,24458.031,268.742,196.445,307.414,3.926,2.103,1.03,,,,,,,,,,,,,,,,,,,,5094114
Costa Rica,11/17/2020,125590,998,1003.429,1578,12,10.857,24653.944,195.912,196.978,309.769,2.356,2.131,1.04,,,,,,,,,,,,,,,,,,,,5094114
Costa Rica,11/18/2020,127012,1422,1034.857,1588,10,10.714,24933.089,279.146,203.148,311.732,1.963,2.103,1.04,,,,,,,,,,,,,,,,,,,,5094114
Costa Rica,11/19/2020,128231,1219,1041.714,1599,11,10.286,25172.385,239.296,204.494,313.892,2.159,2.019,1.05,,,,,,,,,,,,,,,,,,,,5094114
Costa Rica,11/20/2020,129418,1187,1042.143,1608,9,10.143,25405.399,233.014,204.578,315.658,1.767,1.991,1.05,,,,,,,,,,,,,,,,,,,,5094114
Costa Rica,11/21/2020,129418,0,885,1608,0,8.857,25405.399,0,173.73,315.658,0,1.739,1.05,,,,,,,,,,,,,,,,,,,,5094114
Costa Rica,11/22/2020,129418,0,885,1608,0,8.857,25405.399,0,173.73,315.658,0,1.739,1.06,,,,,,,,,,,,,,,,,,,,5094114
Costa Rica,11/23/2020,132295,2877,1100.429,1641,33,10.714,25970.169,564.769,216.02,322.136,6.478,2.103,1.06,,,,,,,,,,,,,,,,,,,,5094114
Costa Rica,11/24/2020,133190,895,1085.714,1662,21,12,26145.862,175.693,213.131,326.259,4.122,2.356,1.06,,,,,,,,,,,,,,,,,,,,5094114
Costa Rica,11/25/2020,134520,1330,1072.571,1674,12,12.286,26406.947,261.086,210.551,328.615,2.356,2.412,1.06,,,,,,,,,,,,,,,,,,,,5094114
Costa Rica,11/26/2020,135742,1222,1073,1679,5,11.429,26646.832,239.885,210.635,329.596,0.982,2.243,1.06,,,,,,,,,,,,,,,,,,,,5094114
Costa Rica,11/27/2020,137093,1351,1096.429,1690,11,11.714,26912.04,265.208,215.234,331.755,2.159,2.3,1.05,,,,,,,,,,,,,,,,,,,,5094114
Costa Rica,11/28/2020,137093,0,1096.429,1690,0,11.714,26912.04,0,215.234,331.755,0,2.3,1.05,,,,,,,,,,,,,,,,,,,,5094114
Costa Rica,11/29/2020,137093,0,1096.429,1690,0,11.714,26912.04,0,215.234,331.755,0,2.3,1.05,,,,,,,,,,,,,,,,,,,,5094114
Costa Rica,11/30/2020,139638,2545,1049,1726,36,12.143,27411.636,499.596,205.924,338.822,7.067,2.384,1.05,,,,,,,,,,,,,,,,,,,,5094114
Costa Rica,12/1/2020,140172,534,997.429,1731,5,9.857,27516.463,104.827,195.8,339.804,0.982,1.935,1.05,,,,,,,,,,,,,,,,,,,,5094114
Costa Rica,12/2/2020,141340,1168,974.286,1739,8,9.286,27745.747,229.284,191.257,341.374,1.57,1.823,1.05,,,,,,,,,,,,,,,,,,,,5094114
Costa Rica,12/3/2020,142505,1165,966.143,1757,18,11.143,27974.443,228.695,189.659,344.908,3.533,2.187,1.05,,,,,,,,,,,,,,,,,,,,5094114
Costa Rica,12/4/2020,143685,1180,941.714,1773,16,11.857,28206.083,231.64,184.863,348.049,3.141,2.328,1.05,,,,,,,,,,,,,,,,,,,,5094114
Costa Rica,12/5/2020,143685,0,941.714,1773,0,11.857,28206.083,0,184.863,348.049,0,2.328,1.05,,,,,,,,,,,,,,,,,,,,5094114
Costa Rica,12/6/2020,143685,0,941.714,1773,0,11.857,28206.083,0,184.863,348.049,0,2.328,1.05,,,,,,,,,,,,,,,,,,,,5094114
Costa Rica,12/7/2020,146421,2736,969,1825,52,14.143,28743.173,537.09,190.22,358.257,10.208,2.776,1.05,,,,,,,,,,,,,,,,,,,,5094114
Costa Rica,12/8/2020,147430,1009,1036.857,1846,21,16.429,28941.245,198.072,203.54,362.379,4.122,3.225,1.05,,,,,,,,,,,,,,,,,,,,5094114
Costa Rica,12/9/2020,148688,1258,1049.714,1864,18,17.857,29188.196,246.952,206.064,365.913,3.533,3.505,1.05,,,,,,,,,,,,,,,,,,,,5094114
Costa Rica,12/10/2020,149815,1127,1044.286,1882,18,17.857,29409.432,221.236,204.998,369.446,3.533,3.505,1.05,,,,,,,,,,,,,,,,,,,,5094114
Costa Rica,12/11/2020,150947,1132,1037.429,1895,13,17.429,29631.649,222.217,203.652,371.998,2.552,3.421,1.05,,,,,,,,,,,,,,,,,,,,5094114
Costa Rica,12/12/2020,150947,0,1037.429,1895,0,17.429,29631.649,0,203.652,371.998,0,3.421,1.04,,,,,,,,,,,,,,,,,,,,5094114
Costa Rica,12/13/2020,150947,0,1037.429,1895,0,17.429,29631.649,0,203.652,371.998,0,3.421,1.04,,,,,,,,,,,,,,,,,,,,5094114
Costa Rica,12/14/2020,153169,2222,964,1936,41,15.857,30067.839,436.19,189.238,380.046,8.049,3.113,1.04,,,,,,,,,,,,,,,,,,,,5094114
Costa Rica,12/15/2020,154096,927,952.286,1956,20,15.714,30249.814,181.975,186.938,383.973,3.926,3.085,1.04,,,,,,,,,,,,,,,,,,,,5094114
Costa Rica,12/16/2020,155263,1167,939.286,1967,11,14.714,30478.902,229.088,184.386,386.132,2.159,2.888,1.04,,,,,,,,,,,,,,,,,,,,5094114
Costa Rica,12/17/2020,156388,1125,939,1980,13,14,30699.745,220.843,184.33,388.684,2.552,2.748,1.04,,,,,,,,,,,,,,,,,,,,5094114
Costa Rica,12/18/2020,157472,1084,932.143,1996,16,14.429,30912.539,212.795,182.984,391.825,3.141,2.832,1.05,,,,,,,,,,,,,,,,,,,,5094114
Costa Rica,12/19/2020,157472,0,932.143,1996,0,14.429,30912.539,0,182.984,391.825,0,2.832,1.04,,,,,,,,,,,,,,,,,,,,5094114
Costa Rica,12/20/2020,157472,0,932.143,1996,0,14.429,30912.539,0,182.984,391.825,0,2.832,1.04,,,,,,,,,,,,,,,,,,,,5094114
Costa Rica,12/21/2020,159893,2421,960.571,2037,41,14.429,31387.794,475.254,188.565,399.873,8.049,2.832,1.04,,,,,,,,,,,,,,,,,,,,5094114
Costa Rica,12/22/2020,160804,911,958.286,2051,14,13.571,31566.628,178.834,188.116,402.622,2.748,2.664,1.05,,,,,,,,,,,,,,,,,,,,5094114
Costa Rica,12/23/2020,161942,1138,954.143,2065,14,14,31790.023,223.395,187.303,405.37,2.748,2.748,1.05,,,,,,,,,,,,,,,,,,,,5094114
Costa Rica,12/24/2020,162990,1048,943.143,2086,21,15.143,31995.75,205.728,185.144,409.492,4.122,2.973,1.05,,,,,,,,,55,55,,,,,0,0,,,,5094114
Costa Rica,12/25/2020,162990,0,788.286,2086,0,12.857,31995.75,0,154.744,409.492,0,2.524,1.05,,,,,,,,,,,,,,240,,,,,47,5094114
Costa Rica,12/26/2020,162990,0,788.286,2086,0,12.857,31995.75,0,154.744,409.492,0,2.524,1.06,,,,,,,,,,,,,,240,,,,,47,5094114
Costa Rica,12/27/2020,162990,0,788.286,2086,0,12.857,31995.75,0,154.744,409.492,0,2.524,1.07,,,,,,,,,,,,,,240,,,,,47,5094114
Costa Rica,12/28/2020,165762,2772,838.429,2144,58,15.286,32539.908,544.157,164.588,420.878,11.386,3.001,1.08,,,,,,,,,,,,,,240,,,,,47,5094114
Costa Rica,12/29/2020,166799,1037,856.429,2156,12,15,32743.476,203.568,168.121,423.234,2.356,2.945,1.08,,,,,,,,,,,,,,240,,,,,47,5094114
Costa Rica,12/30/2020,168114,1315,881.714,2171,15,15.143,33001.617,258.141,173.085,426.178,2.945,2.973,1.08,,,,,,,,,,,,,,240,,,,,47,5094114
Costa Rica,12/31/2020,169321,1207,904.429,2185,14,14.143,33238.557,236.94,177.544,428.926,2.748,2.776,1.08,,,,,,,,,,,,,,240,,,,,47,5094114
Costa Rica,1/1/2021,169321,0,904.429,2185,0,14.143,33238.557,0,177.544,428.926,0,2.776,1.08,,,,,,,,,,,,,,240,,,,,47,5094114
Costa Rica,1/2/2021,169321,0,904.429,2185,0,14.143,33238.557,0,177.544,428.926,0,2.776,1.08,,,,,,,,,,,,,,240,,,,,47,5094114
Costa Rica,1/3/2021,169321,0,904.429,2185,0,14.143,33238.557,0,177.544,428.926,0,2.776,1.09,,,,,,,,,2455,2455,,,,240,0.05,0.05,,,47,5094114
Costa Rica,1/4/2021,172436,3115,953.429,2229,44,12.143,33850.047,611.49,187.163,437.564,8.637,2.384,1.09,,,,,,,,,,,,,,414,,,,,81,5094114
Costa Rica,1/5/2021,173591,1155,970.286,2248,19,13.143,34076.78,226.732,190.472,441.294,3.73,2.58,1.09,,,,,,,,,,,,,,588,,,,,115,5094114
Costa Rica,1/6/2021,175038,1447,989.143,2267,19,13.714,34360.833,284.053,194.174,445.023,3.73,2.692,1.08,,,,,,,,,,,,,,763,,,,,150,5094114
Costa Rica,1/7/2021,176407,1369,1012.286,2286,19,14.429,34629.574,268.742,198.717,448.753,3.73,2.832,1.07,,,,,,,,,,,,,,937,,,,,184,5094114
Costa Rica,1/8/2021,177614,1207,1184.714,2305,19,17.143,34866.515,236.94,232.565,452.483,3.73,3.365,1.06,,,,,,,,,9751,9751,,,,1111,0.19,0.19,,,218,5094114
Costa Rica,1/9/2021,177614,0,1184.714,2305,0,17.143,34866.515,0,232.565,452.483,0,3.365,1.04,,,,,,,,,,,,,,1385,,,,,272,5094114
Costa Rica,1/10/2021,177614,0,1184.714,2305,0,17.143,34866.515,0,232.565,452.483,0,3.365,1.03,,,,,,,,,,,,,,1659,,,,,326,5094114
Costa Rica,1/11/2021,180061,2447,1089.286,2353,48,17.714,35346.873,480.358,213.832,461.906,9.423,3.477,1.02,,,,,,,,,,,,,,1759,,,,,345,5094114
Costa Rica,1/12/2021,181093,1032,1071.714,2367,14,17,35549.46,202.587,210.383,464.654,2.748,3.337,1.01,,,,,,,,,,,,,,1859,,,,,365,5094114
Costa Rica,1/13/2021,182156,1063,1016.857,2384,17,16.714,35758.132,208.672,199.614,467.991,3.337,3.281,0.99,,,,,,,,,,,,,,1959,,,,,385,5094114
Costa Rica,1/14/2021,183242,1086,976.429,2401,17,16.429,35971.319,213.187,191.678,471.328,3.337,3.225,0.98,,,,,,,,,,,,,,2058,,,,,404,5094114
Costa Rica,1/15/2021,184187,945,939,2416,15,15.857,36156.827,185.508,184.33,474.273,2.945,3.113,0.97,,,,,,,,,24859,24804,55,,,2158,0.49,0.49,0,,424,5094114
Costa Rica,1/16/2021,184187,0,939,2416,0,15.857,36156.827,0,184.33,474.273,0,3.113,0.96,,,,,,,,,,,,,,2066,,,,,406,5094114
Costa Rica,1/17/2021,184187,0,939,2416,0,15.857,36156.827,0,184.33,474.273,0,3.113,0.95,,,,,,,,,,,,,,1973,,,,,387,5094114
Costa Rica,1/18/2021,186016,1829,850.714,2458,42,15,36515.869,359.042,166.999,482.518,8.245,2.945,0.94,,,,,,,,,29389,29257,132,,,1880,0.58,0.57,0,,369,5094114
Costa Rica,1/19/2021,186877,861,826.286,2477,19,15.714,36684.888,169.019,162.204,486.247,3.73,3.085,0.93,,,,,,,,,,,,,,1955,,,,,384,5094114
Costa Rica,1/20/2021,187712,835,793.714,2492,15,15.429,36848.802,163.915,155.81,489.192,2.945,3.029,0.93,,,,,,,,,,,,,,2029,,,,,398,5094114
Costa Rica,1/21/2021,188477,765,747.857,2506,14,15,36998.976,150.173,146.808,491.94,2.748,2.945,0.92,,,,,,,,,,,,,,2103,,,,,413,5094114
Costa Rica,1/22/2021,189308,831,731.571,2518,12,14.571,37162.105,163.129,143.611,494.296,2.356,2.86,0.92,,,,,,,,,,,,,,2177,,,,,427,5094114
Costa Rica,1/23/2021,189308,0,731.571,2518,0,14.571,37162.105,0,143.611,494.296,0,2.86,0.91,,,,,,,,,,,,,,2344,,,,,460,5094114
Costa Rica,1/24/2021,189308,0,731.571,2518,0,14.571,37162.105,0,143.611,494.296,0,2.86,0.9,,,,,,,,,,,,,,2510,,,,,493,5094114
Costa Rica,1/25/2021,190745,1437,675.571,2558,40,14.286,37444.195,282.09,132.618,502.148,7.852,2.804,0.9,,,,,,,,,48128,45707,2421,,,2677,0.94,0.9,0.05,,526,5094114
Costa Rica,1/26/2021,191345,600,638.286,2567,9,12.857,37561.978,117.783,125.299,503.915,1.767,2.524,0.89,,,,,,,,,,,,,,2490,,,,,489,5094114
Costa Rica,1/27/2021,192066,721,622,2584,17,13.143,37703.514,141.536,122.102,507.252,3.337,2.58,0.89,,,,,,,,,,,,,,2303,,,,,452,5094114
Costa Rica,1/28/2021,192637,571,594.286,2599,15,13.286,37815.604,112.09,116.661,510.197,2.945,2.608,0.89,,,,,,,,,,,,,,2116,,,,,415,5094114
Costa Rica,1/29/2021,193276,639,566.857,2604,5,12.286,37941.043,125.439,111.277,511.178,0.982,2.412,0.89,,,,,,,,,,,,,,1929,,,,,379,5094114
Costa Rica,1/30/2021,193276,0,566.857,2604,0,12.286,37941.043,0,111.277,511.178,0,2.412,0.89,,,,,,,,,,,,,,1742,,,,,342,5094114
Costa Rica,1/31/2021,193276,0,566.857,2604,0,12.286,37941.043,0,111.277,511.178,0,2.412,0.89,,,,,,,,,,,,,,1555,,,,,305,5094114
Costa Rica,2/1/2021,194569,1293,546.286,2634,30,10.857,38194.866,253.822,107.239,517.067,5.889,2.131,0.89,,,,,,,,,57701,45863,11838,,,1368,1.13,0.9,0.23,,269,5094114
Costa Rica,2/2/2021,195009,440,523.429,2641,7,10.571,38281.24,86.374,102.752,518.441,1.374,2.075,0.89,,,,,,,,,,,,,,1528,,,,,300,5094114
Costa Rica,2/3/2021,195537,528,495.857,2650,9,9.429,38384.889,103.649,97.339,520.208,1.767,1.851,0.89,,,,,,,,,,,,,,1688,,,,,331,5094114
Costa Rica,2/4/2021,195992,455,479.286,2662,12,9,38474.208,89.319,94.086,522.564,2.356,1.767,0.89,,,,,,,,,,,,,,1848,,,,,363,5094114
Costa Rica,2/5/2021,196438,446,451.714,2672,10,9.714,38561.76,87.552,88.674,524.527,1.963,1.907,0.89,,,,,,,,,,,,,,2007,,,,,394,5094114
Costa Rica,2/6/2021,196438,0,451.714,2672,0,9.714,38561.76,0,88.674,524.527,0,1.907,0.9,,,,,,,,,,,,,,2167,,,,,425,5094114
Costa Rica,2/7/2021,196438,0,451.714,2672,0,9.714,38561.76,0,88.674,524.527,0,1.907,0.9,,,,,,,,,,,,,,2327,,,,,457,5094114
Costa Rica,2/8/2021,197435,997,409.429,2692,20,8.286,38757.476,195.716,80.373,528.453,3.926,1.627,0.91,,,,,,,,,75113,46750,28363,,,2487,1.47,0.92,0.56,,488,5094114
Costa Rica,2/9/2021,197852,417,406.143,2698,6,8.143,38839.335,81.859,79.728,529.631,1.178,1.598,0.91,,,,,,,,,,,,,,2578,,,,,506,5094114
Costa Rica,2/10/2021,198338,486,400.143,2701,3,7.286,38934.739,95.404,78.55,530.22,0.589,1.43,0.92,,,,,,,,,,,,,,2668,,,,,524,5094114
Costa Rica,2/11/2021,198756,418,394.857,2710,9,6.857,39016.795,82.055,77.512,531.987,1.767,1.346,0.92,,,,,,,,,,,,,,2758,,,,,541,5094114
Costa Rica,2/12/2021,199187,431,392.714,2714,4,6,39101.402,84.607,77.092,532.772,0.785,1.178,0.93,,,,,,,,,,,,,,2848,,,,,559,5094114
Costa Rica,2/13/2021,199187,0,392.714,2714,0,6,39101.402,0,77.092,532.772,0,1.178,0.94,,,,,,,,,,,,,,2939,,,,,577,5094114
Costa Rica,2/14/2021,199187,0,392.714,2714,0,6,39101.402,0,77.092,532.772,0,1.178,0.94,,,,,,,,,,,,,,3029,,,,,595,5094114
Costa Rica,2/15/2021,200024,837,369.857,2730,16,5.429,39265.709,164.307,72.605,535.913,3.141,1.066,0.95,,,,,,,,,96948,54395,42553,,,3119,1.9,1.07,0.84,,612,5094114
Costa Rica,2/16/2021,200454,430,371.714,2737,7,5.571,39350.121,84.411,72.969,537.287,1.374,1.094,0.96,,,,,,,,,,,,,,2760,,,,,542,5094114
Costa Rica,2/17/2021,200888,434,364.286,2745,8,6.286,39435.317,85.196,71.511,538.857,1.57,1.234,0.97,,,,,,,,,,,,,,2401,,,,,471,5094114
Costa Rica,2/18/2021,201241,353,355,2756,11,6.571,39504.613,69.296,69.688,541.017,2.159,1.29,0.97,,,,,,,,,,,,,,2042,,,,,401,5094114
Costa Rica,2/19/2021,201678,437,355.857,2763,7,7,39590.398,85.785,69.857,542.391,1.374,1.374,0.98,,,,,,,,,,,,,,1683,,,,,330,5094114
Costa Rica,2/20/2021,201678,0,355.857,2763,0,7,39590.398,0,69.857,542.391,0,1.374,0.99,,,,,,,,,,,,,,1323,,,,,260,5094114
Costa Rica,2/21/2021,201678,0,355.857,2763,0,7,39590.398,0,69.857,542.391,0,1.374,1,,,,,,,,,,,,,,964,,,,,189,5094114
Costa Rica,2/22/2021,202674,996,378.571,2782,19,7.429,39785.918,195.52,74.315,546.12,3.73,1.458,1.01,,,,,,,,,101183,57162,44021,,,605,1.99,1.12,0.86,,119,5094114
Costa Rica,2/23/2021,203097,423,377.571,2785,3,6.857,39868.955,83.037,74.119,546.709,0.589,1.346,1.01,,,,,,,,,,,,,,1511,,,,,297,5094114
Costa Rica,2/24/2021,203496,399,372.571,2793,8,6.857,39947.28,78.326,73.138,548.28,1.57,1.346,1.02,,,,,,,,,,,,,,2417,,,,,474,5094114
Costa Rica,2/25/2021,203914,418,381.857,2796,3,5.714,40029.336,82.055,74.96,548.869,0.589,1.122,1.02,,,,,,,,,,,,,,3323,,,,,652,5094114
Costa Rica,2/26/2021,204341,427,380.429,2800,4,5.286,40113.158,83.822,74.68,549.654,0.785,1.038,1.03,,,,,,,,,,,,,,4229,,,,,830,5094114
Costa Rica,2/27/2021,204341,0,380.429,2800,0,5.286,40113.158,0,74.68,549.654,0,1.038,1.04,,,,,,,,,,,,,,5135,,,,,1008,5094114
Costa Rica,2/28/2021,204341,0,380.429,2800,0,5.286,40113.158,0,74.68,549.654,0,1.038,1.05,,,,,,,,,,,,,,6041,,,,,1186,5094114
Costa Rica,3/1/2021,205086,745,344.571,2812,12,4.286,40259.405,146.247,67.641,552.01,2.356,0.841,1.05,,,,,,,,,149812,103695,46117,,,6947,2.94,2.04,0.91,,1364,5094114
Costa Rica,3/2/2021,205514,428,345.286,2820,8,5,40343.424,84.019,67.781,553.58,1.57,0.982,1.06,,,,,,,,,,,,,,7507,,,,,1474,5094114
Costa Rica,3/3/2021,205890,376,342,2824,4,4.429,40417.234,73.811,67.136,554.365,0.785,0.869,1.07,,,,,,,,,,,,,,8066,,,,,1583,5094114
Costa Rica,3/4/2021,206293,403,339.857,2829,5,4.714,40496.345,79.111,66.716,555.347,0.982,0.925,1.08,,,,,,,,,,,,,,8626,,,,,1693,5094114
Costa Rica,3/5/2021,206640,347,328.429,2833,4,4.714,40564.463,68.118,64.472,556.132,0.785,0.925,1.09,,,,,,,,,193273,142049,51224,,,9186,3.79,2.79,1.01,,1803,5094114
Costa Rica,3/6/2021,206640,0,328.429,2833,0,4.714,40564.463,0,64.472,556.132,0,0.925,1.1,,,,,,,,,,,,,,8732,,,,,1714,5094114
Costa Rica,3/7/2021,206640,0,328.429,2833,0,4.714,40564.463,0,64.472,556.132,0,0.925,1.12,,,,,,,,,,,,,,8279,,,,,1625,5094114
Costa Rica,3/8/2021,206640,0,222,2833,0,3,40564.463,0,43.58,556.132,0,0.589,1.14,,,,,,,,,204586,151841,52745,,,7825,4.02,2.98,1.04,,1536,5094114
Costa Rica,3/9/2021,207832,1192,331.143,2848,15,4,40798.459,233.996,65.005,559.077,2.945,0.785,1.17,,,,,,,,,,,,,,7599,,,,,1492,5094114
Costa Rica,3/10/2021,207832,0,277.429,2848,0,3.429,40798.459,0,54.461,559.077,0,0.673,1.18,,,,,,,,,,,,,,7373,,,,,1447,5094114
Costa Rica,3/11/2021,207832,0,219.857,2848,0,2.714,40798.459,0,43.159,559.077,0,0.533,1.2,,,,,,,,,,,,,,7147,,,,,1403,5094114
Costa Rica,3/12/2021,209093,1261,350.429,2862,14,4.143,41045.999,247.541,68.791,561.825,2.748,0.813,1.22,,,,,,,,,241724,187826,53898,,,6922,4.75,3.69,1.06,,1359,5094114
Costa Rica,3/13/2021,209093,0,350.429,2862,0,4.143,41045.999,0,68.791,561.825,0,0.813,1.23,,,,,,,,,,,,,,6686,,,,,1312,5094114
Costa Rica,3/14/2021,209093,0,350.429,2862,0,4.143,41045.999,0,68.791,561.825,0,0.813,1.24,,,,,,,,,,,,,,6450,,,,,1266,5094114
Costa Rica,3/15/2021,209093,0,350.429,2862,0,4.143,41045.999,0,68.791,561.825,0,0.813,1.24,,,,,,,,,248082,190088,57994,,,6214,4.87,3.73,1.14,,1220,5094114
Costa Rica,3/16/2021,210447,1354,373.571,2886,24,5.429,41311.796,265.797,73.334,566.536,4.711,1.066,1.26,,,,,,,,,,,,,,6200,,,,,1217,5094114
Costa Rica,3/17/2021,210447,0,373.571,2886,0,5.429,41311.796,0,73.334,566.536,0,1.066,1.26,,,,,,,,,,,,,,6187,,,,,1215,5094114
Costa Rica,3/18/2021,210447,0,373.571,2886,0,5.429,41311.796,0,73.334,566.536,0,1.066,1.27,,,,,,,,,,,,,,6174,,,,,1212,5094114
Costa Rica,3/19/2021,211903,1456,401.429,2896,10,4.857,41597.616,285.82,78.802,568.499,1.963,0.953,1.28,,,,,,,,,,,,,,6161,,,,,1209,5094114
Costa Rica,3/20/2021,211903,0,401.429,2896,0,4.857,41597.616,0,78.802,568.499,0,0.953,1.28,,,,,,,,,,,,,,7171,,,,,1408,5094114
Costa Rica,3/21/2021,211903,0,401.429,2896,0,4.857,41597.616,0,78.802,568.499,0,0.953,1.27,,,,,,,,,,,,,,8181,,,,,1606,5094114
Costa Rica,3/22/2021,211903,0,401.429,2896,0,4.857,41597.616,0,78.802,568.499,0,0.953,1.27,,,,,,,,,312425,206198,106227,,,9192,6.13,4.05,2.09,,1804,5094114
Costa Rica,3/23/2021,213438,1535,427.286,2908,12,3.143,41898.945,301.328,83.878,570.855,2.356,0.617,1.27,,,,,,,,,,,,,,10422,,,,,2046,5094114
Costa Rica,3/24/2021,213438,0,427.286,2908,0,3.143,41898.945,0,83.878,570.855,0,0.617,1.27,,,,,,,,,348037,213404,134633,,,11653,6.83,4.19,2.64,,2288,5094114
Costa Rica,3/25/2021,213438,0,427.286,2908,0,3.143,41898.945,0,83.878,570.855,0,0.617,1.27,,,,,,,,,,,,,,11378,,,,,2234,5094114
Costa Rica,3/26/2021,215178,1740,467.857,2931,23,5,42240.515,341.571,91.843,575.37,4.515,0.982,1.26,,,,,,,,,,,,,,11102,,,,,2179,5094114
Costa Rica,3/27/2021,215178,0,467.857,2931,0,5,42240.515,0,91.843,575.37,0,0.982,1.25,,,,,,,,,,,,,,10827,,,,,2125,5094114
Costa Rica,3/28/2021,215178,0,467.857,2931,0,5,42240.515,0,91.843,575.37,0,0.982,1.24,,,,,,,,,,,,,,10551,,,,,2071,5094114
Costa Rica,3/29/2021,215178,0,467.857,2931,0,5,42240.515,0,91.843,575.37,0,0.982,1.22,,,,,,,,,384355,224092,160263,,,10276,7.55,4.4,3.15,,2017,5094114
Costa Rica,3/30/2021,216764,1586,475.143,2957,26,7,42551.855,311.34,93.273,580.474,5.104,1.374,1.21,,,,,,,,,,,,,,9885,,,,,1940,5094114
Costa Rica,3/31/2021,216764,0,475.143,2957,0,7,42551.855,0,93.273,580.474,0,1.374,1.19,,,,,,,,,,,,,,9495,,,,,1864,5094114
Costa Rica,4/1/2021,216764,0,475.143,2957,0,7,42551.855,0,93.273,580.474,0,1.374,1.18,,,,,,,,,,,,,,10610,,,,,2083,5094114
Costa Rica,4/2/2021,216764,0,226.571,2957,0,3.714,42551.855,0,44.477,580.474,0,0.729,1.18,,,,,,,,,,,,,,11725,,,,,2302,5094114
Costa Rica,4/3/2021,216764,0,226.571,2957,0,3.714,42551.855,0,44.477,580.474,0,0.729,1.19,,,,,,,,,,,,,,12841,,,,,2521,5094114
Costa Rica,4/4/2021,216764,0,226.571,2957,0,3.714,42551.855,0,44.477,580.474,0,0.729,1.22,,,,,,,,,,,,,,13956,,,,,2740,5094114
Costa Rica,4/5/2021,216764,0,226.571,2957,0,3.714,42551.855,0,44.477,580.474,0,0.729,1.24,,,,,,,,,,,,,,15072,,,,,2959,5094114
Costa Rica,4/6/2021,219846,3082,440.286,3000,43,6.143,43156.867,605.012,86.43,588.915,8.441,1.206,1.26,,,,,,,,,504930,291368,213562,,,15072,9.91,5.72,4.19,,2959,5094114
Costa Rica,4/7/2021,219846,0,440.286,3000,0,6.143,43156.867,0,86.43,588.915,0,1.206,1.29,,,,,,,,,,,,,,14868,,,,,2919,5094114
Costa Rica,4/8/2021,219846,0,440.286,3000,0,6.143,43156.867,0,86.43,588.915,0,1.206,1.31,,,,,,,,,,,,,,14664,,,,,2879,5094114
Costa Rica,4/9/2021,222544,2698,825.714,3018,18,8.714,43686.498,529.631,162.092,592.448,3.533,1.711,1.34,,,,,,,,,,,,,,14460,,,,,2839,5094114
Costa Rica,4/10/2021,222544,0,825.714,3018,0,8.714,43686.498,0,162.092,592.448,0,1.711,1.35,,,,,,,,,,,,,,14256,,,,,2799,5094114
Costa Rica,4/11/2021,222544,0,825.714,3018,0,8.714,43686.498,0,162.092,592.448,0,1.711,1.36,,,,,,,,,,,,,,14053,,,,,2759,5094114
Costa Rica,4/12/2021,222544,0,825.714,3018,0,8.714,43686.498,0,162.092,592.448,0,1.711,1.36,,,,,,,,,586799,354291,232508,,,13849,11.52,6.95,4.56,,2719,5094114
Costa Rica,4/13/2021,225343,2799,785.286,3044,26,6.286,44235.955,549.458,154.156,597.552,5.104,1.234,1.38,,,,,,,,,,,,,,13972,,,,,2743,5094114
Costa Rica,4/14/2021,225343,0,785.286,3044,0,6.286,44235.955,0,154.156,597.552,0,1.234,1.38,,,,,,,,,,,,,,14298,,,,,2807,5094114
Costa Rica,4/15/2021,227533,2190,1098.143,3065,21,9.286,44665.863,429.908,215.571,601.675,4.122,1.823,1.38,,,,,,,,,,,,,,14625,,,,,2871,5094114
Costa Rica,4/16/2021,228577,1044,861.857,3071,6,7.571,44870.806,204.942,169.187,602.853,1.178,1.486,1.37,,,,,,,,,,,,,,14952,,,,,2935,5094114
Costa Rica,4/17/2021,228577,0,861.857,3071,0,7.571,44870.806,0,169.187,602.853,0,1.486,1.37,,,,,,,,,,,,,,15279,,,,,2999,5094114
Costa Rica,4/18/2021,228577,0,861.857,3071,0,7.571,44870.806,0,169.187,602.853,0,1.486,1.37,,,,,,,,,,,,,,15606,,,,,3064,5094114
Costa Rica,4/19/2021,230837,2260,1184.714,3099,28,11.571,45314.455,443.649,232.565,608.349,5.497,2.272,1.37,,,,,,,,,698327,450593,247734,,,15933,13.71,8.85,4.86,,3128,5094114
Costa Rica,4/20/2021,231967,1130,946.286,3104,5,8.571,45536.28,221.825,185.761,609.331,0.982,1.683,1.37,,,,,,,,,,,,,,16117,,,,,3164,5094114
Costa Rica,4/21/2021,233498,1531,1165,3115,11,10.143,45836.823,300.543,228.695,611.49,2.159,1.991,1.37,,,,,,,,,,,,,,16301,,,,,3200,5094114
Costa Rica,4/22/2021,235274,1776,1105.857,3125,10,8.571,46185.46,348.638,217.085,613.453,1.963,1.683,1.37,,,,,,,,,,,,,,16485,,,,,3236,5094114
Costa Rica,4/23/2021,236930,1656,1193.286,3136,11,9.286,46510.541,325.081,234.248,615.612,2.159,1.823,1.36,,,,,,,,,,,,,,16670,,,,,3272,5094114
Costa Rica,4/24/2021,238760,1830,1454.714,3143,7,10.286,46869.78,359.238,285.568,616.987,1.374,2.019,1.36,,,,,,,,,,,,,,16854,,,,,3309,5094114
Costa Rica,4/25/2021,238760,0,1454.714,3143,0,10.286,46869.78,0,285.568,616.987,0,2.019,1.35,,,,,,,,,,,,,,17038,,,,,3345,5094114
Costa Rica,4/26/2021,241240,2480,1486.143,3168,25,9.857,47356.616,486.836,291.737,621.894,4.908,1.935,1.34,,,,,,,,,818884,538682,280202,,,17222,16.08,10.57,5.5,,3381,5094114
Costa Rica,4/27/2021,243167,1927,1600,3186,18,11.714,47734.896,378.28,314.088,625.428,3.533,2.3,1.33,,,,,,,,,,,,,,17443,,,,,3424,5094114
Costa Rica,4/28/2021,245601,2434,1729,3202,16,12.429,48212.702,477.806,339.411,628.569,3.141,2.44,1.33,,,,,,,,,,,,,,17664,,,,,3468,5094114
Costa Rica,4/29/2021,248382,2781,1872.571,3217,15,13.143,48758.626,545.924,367.595,631.513,2.945,2.58,1.32,,,,,,,,,,,,,,17884,,,,,3511,5094114
Costa Rica,4/30/2021,250991,2609,2008.714,3231,14,13.571,49270.786,512.16,394.321,634.261,2.748,2.664,1.31,,,,,,,,,,,,,,18105,,,,,3554,5094114
Costa Rica,5/1/2021,250991,0,1747.286,3231,0,12.571,49270.786,0,343.001,634.261,0,2.468,1.3,,,,,,,,,,,,,,18326,,,,,3597,5094114
Costa Rica,5/2/2021,250991,0,1747.286,3231,0,12.571,49270.786,0,343.001,634.261,0,2.468,1.3,,,,,,,,,,,,,,18546,,,,,3641,5094114
Costa Rica,5/3/2021,256676,5685,2205.143,3290,59,17.429,50386.78,1115.994,432.881,645.843,11.582,3.421,1.29,,,,,,,,,950252,605099,345153,,,18767,18.65,11.88,6.78,,3684,5094114
Costa Rica,5/4/2021,257980,1304,2116.143,3310,20,17.714,50642.761,255.982,415.409,649.77,3.926,3.477,1.27,,,,,,,,,,,,,,19018,,,,,3733,5094114
Costa Rica,5/5/2021,260535,2555,2133.429,3326,16,17.714,51144.321,501.559,418.803,652.91,3.141,3.477,1.26,,,,,,,,,,,,,,19269,,,,,3783,5094114
Costa Rica,5/6/2021,263094,2559,2101.714,3341,15,17.714,51646.665,502.344,412.577,655.855,2.945,3.477,1.25,,,,,,,,,,,,,,19521,,,,,3832,5094114
Costa Rica,5/7/2021,265486,2392,2070.714,3365,24,19.143,52116.227,469.562,406.492,660.566,4.711,3.758,1.24,,,,,,,,,,,,,,19772,,,,,3881,5094114
Costa Rica,5/8/2021,265486,0,2070.714,3365,0,19.143,52116.227,0,406.492,660.566,0,3.758,1.23,,,,,,,,,,,,,,20023,,,,,3931,5094114
Costa Rica,5/9/2021,265486,0,2070.714,3365,0,19.143,52116.227,0,406.492,660.566,0,3.758,1.23,,,,,,,,,,,,,,20274,,,,,3980,5094114
Costa Rica,5/10/2021,271478,5992,2114.571,3430,65,20,53292.486,1176.26,415.101,673.326,12.76,3.926,1.22,,,,,,,,,1093931,657301,436630,,,20526,21.47,12.9,8.57,,4029,5094114
Costa Rica,5/11/2021,273714,2236,2247.714,3456,26,20.857,53731.424,438.938,441.238,678.43,5.104,4.094,1.21,,,,,,,,,,,,,,20817,,,,,4086,5094114
Costa Rica,5/12/2021,276887,3173,2336,3482,26,22.286,54354.3,622.876,458.568,683.534,5.104,4.375,1.2,,,,,,,,,,,,,,21109,,,,,4144,5094114
Costa Rica,5/13/2021,279926,3039,2404.571,3514,32,24.714,54950.871,596.571,472.029,689.816,6.282,4.852,1.18,,,,,,,,,,,,,,21400,,,,,4201,5094114
Costa Rica,5/14/2021,282741,2815,2465,3547,33,26,55503.469,552.599,483.892,696.294,6.478,5.104,1.17,,,,,,,,,,,,,,21692,,,,,4258,5094114
Costa Rica,5/15/2021,282741,0,2465,3547,0,26,55503.469,0,483.892,696.294,0,5.104,1.16,,,,,,,,,,,,,,21984,,,,,4316,5094114
Costa Rica,5/16/2021,282741,0,2465,3547,0,26,55503.469,0,483.892,696.294,0,5.104,1.15,,,,,,,,,,,,,,22275,,,,,4373,5094114
Costa Rica,5/17/2021,288626,5885,2449.714,3625,78,27.857,56658.724,1155.255,480.891,711.606,15.312,5.468,1.14,,,,,,,,,1251900,721882,530018,,,22567,24.58,14.17,10.4,,4430,5094114
Costa Rica,5/18/2021,290920,2294,2458,3673,48,31,57109.048,450.324,482.518,721.028,9.423,6.085,1.12,,,,,,,,,,,,,,23545,,,,,4622,5094114
Costa Rica,5/19/2021,293820,2900,2419,3696,23,30.571,57678.332,569.284,474.862,725.543,4.515,6.001,1.11,,,,,,,,,,,,,,24523,,,,,4814,5094114
Costa Rica,5/20/2021,296632,2812,2386.571,3736,40,31.714,58230.342,552.01,468.496,733.395,7.852,6.226,1.1,,,,,,,,,,,,,,25502,,,,,5006,5094114
Costa Rica,5/21/2021,299219,2587,2354,3765,29,31.143,58738.183,507.841,462.102,739.088,5.693,6.113,1.09,,,,,,,,,,,,,,26480,,,,,5198,5094114
Costa Rica,5/22/2021,299219,0,2354,3765,0,31.143,58738.183,0,462.102,739.088,0,6.113,1.08,,,,,,,,,,,,,,27458,,,,,5390,5094114
Costa Rica,5/23/2021,299219,0,2354,3765,0,31.143,58738.183,0,462.102,739.088,0,6.113,1.07,,,,,,,,,,,,,,28436,,,,,5582,5094114
Costa Rica,5/24/2021,304529,5310,2271.857,3849,84,32,59780.562,1042.379,445.977,755.578,16.49,6.282,1.06,,,,,,,,,1457802,867517,590285,,,29415,28.62,17.03,11.59,,5774,5094114
Costa Rica,5/25/2021,306899,2370,2282.714,3877,28,29.143,60245.805,465.243,448.108,761.074,5.497,5.721,1.05,,,,,,,,,,,,,,28800,,,,,5654,5094114
Costa Rica,5/26/2021,309486,2587,2238,3908,31,30.286,60753.646,507.841,439.331,767.16,6.085,5.945,1.05,,,,,,,,,,,,,,28185,,,,,5533,5094114
Costa Rica,5/27/2021,311922,2436,2184.286,3929,21,27.571,61231.845,478.199,428.786,771.282,4.122,5.412,1.04,,,,,,,,,,,,,,27570,,,,,5412,5094114
Costa Rica,5/28/2021,314102,2180,2126.143,3962,33,28.143,61659.79,427.945,417.372,777.76,6.478,5.525,1.03,,,,,,,,,,,,,,26955,,,,,5291,5094114
Costa Rica,5/29/2021,314102,0,2126.143,3962,0,28.143,61659.79,0,417.372,777.76,0,5.525,1.03,,,,,,,,,,,,,,26340,,,,,5171,5094114
Costa Rica,5/30/2021,314102,0,2126.143,3962,0,28.143,61659.79,0,417.372,777.76,0,5.525,1.02,,,,,,,,,,,,,,25725,,,,,5050,5094114
Costa Rica,5/31/2021,318986,4884,2065.286,4041,79,27.429,62618.544,958.754,405.426,793.268,15.508,5.384,1.02,,,,,,,,,,,,,,25110,,,,,4929,5094114
Costa Rica,6/1/2021,321279,2293,2054.286,4074,33,28.143,63068.671,450.127,403.267,799.747,6.478,5.525,1.01,,,,,,,,,1658685,1012339,646346,,,25110,32.56,19.87,12.69,,4929,5094114
Costa Rica,6/2/2021,323598,2319,2016,4098,24,27.143,63523.902,455.231,395.751,804.458,4.711,5.328,1.01,,,,,,,,,,,,,,27416,,,,,5382,5094114
Costa Rica,6/3/2021,325779,2181,1979.571,4124,26,27.857,63952.043,428.141,388.6,809.562,5.104,5.468,1,,,,,,,,,,,,,,29721,,,,,5834,5094114
Costa Rica,6/4/2021,327979,2200,1982.429,4153,29,27.286,64383.914,431.871,389.161,815.255,5.693,5.356,1,,,,,,,,,,,,,,32027,,,,,6287,5094114
Costa Rica,6/5/2021,327979,0,1982.429,4153,0,27.286,64383.914,0,389.161,815.255,0,5.356,0.99,,,,,,,,,,,,,,34332,,,,,6740,5094114
Costa Rica,6/6/2021,327979,0,1982.429,4153,0,27.286,64383.914,0,389.161,815.255,0,5.356,0.99,,,,,,,,,,,,,,36638,,,,,7192,5094114
Costa Rica,6/7/2021,331920,3941,1847.714,4228,75,26.714,65157.552,773.638,362.716,829.977,14.723,5.244,0.98,,,,,,,,,1906177,1219551,686626,,,38943,37.42,23.94,13.48,,7645,5094114
Costa Rica,6/8/2021,333820,1900,1791.571,4251,23,25.286,65530.532,372.979,351.694,834.493,4.515,4.964,0.98,,,,,,,,,,,,,,40343,,,,,7920,5094114
Costa Rica,6/9/2021,336007,2187,1772.714,4278,27,25.714,65959.851,429.319,347.993,839.793,5.3,5.048,0.98,,,,,,,,,,,,,,39437,,,,,7742,5094114
Costa Rica,6/10/2021,338048,2041,1752.714,4298,20,24.857,66360.509,400.658,344.067,843.719,3.926,4.88,0.98,,,,,,,,,,,,,,38530,,,,,7564,5094114
Costa Rica,6/11/2021,339900,1852,1703,4322,24,24.143,66724.066,363.557,334.307,848.43,4.711,4.739,0.98,,,,,,,,,,,,,,37624,,,,,7386,5094114
Costa Rica,6/12/2021,339900,0,1703,4322,0,24.143,66724.066,0,334.307,848.43,0,4.739,0.98,,,,,,,,,,,,,,36718,,,,,7208,5094114
Costa Rica,6/13/2021,339900,0,1703,4322,0,24.143,66724.066,0,334.307,848.43,0,4.739,0.98,,,,,,,,,,,,,,35812,,,,,7030,5094114
Costa Rica,6/14/2021,343604,3704,1669.143,4388,66,22.857,67451.18,727.114,327.661,861.386,12.956,4.487,0.98,,,,,,,,,2150520,1409778,740742,,,34906,42.22,27.67,14.54,,6852,5094114
Costa Rica,6/15/2021,345312,1708,1641.714,4407,19,22.286,67786.469,335.289,322.277,865.116,3.73,4.375,0.98,,,,,,,,,,,,,,33143,,,,,6506,5094114
Costa Rica,6/16/2021,347157,1845,1592.857,4437,30,22.714,68148.652,362.183,312.686,871.005,5.889,4.459,0.98,,,,,,,,,,,,,,31380,,,,,6160,5094114
Costa Rica,6/17/2021,349026,1869,1568.286,4459,22,23,68515.546,366.894,307.862,875.324,4.319,4.515,0.98,,,,,,,,,,,,,,29617,,,,,5814,5094114
Costa Rica,6/18/2021,350630,1604,1532.857,4473,14,21.571,68830.419,314.873,300.908,878.072,2.748,4.235,0.98,,,,,,,,,,,,,,27853,,,,,5468,5094114
Costa Rica,6/19/2021,350630,0,1532.857,4473,0,21.571,68830.419,0,300.908,878.072,0,4.235,0.98,,,,,,,,,,,,,,26090,,,,,5122,5094114
Costa Rica,6/20/2021,350630,0,1532.857,4473,0,21.571,68830.419,0,300.908,878.072,0,4.235,0.99,,,,,,,,,,,,,,24327,,,,,4776,5094114
Costa Rica,6/21/2021,354095,3465,1498.714,4530,57,20.286,69510.616,680.197,294.205,889.262,11.189,3.982,0.99,,,,,,,,,,,,,,22564,,,,,4429,5094114
Costa Rica,6/22/2021,355620,1525,1472.571,4546,16,19.857,69809.981,299.365,289.073,892.402,3.141,3.898,0.99,,,,,,,,,2331030,1535967,795063,,,22564,45.76,30.15,15.61,,4429,5094114
Costa Rica,6/23/2021,357523,1903,1480.857,4567,21,18.571,70183.549,373.568,290.7,896.525,4.122,3.646,0.99,,,,,,,,,,,,,,21944,,,,,4308,5094114
Costa Rica,6/24/2021,359266,1743,1462.857,4581,14,17.429,70525.709,342.16,287.166,899.273,2.748,3.421,1,,,,,,,,,,,,,,21324,,,,,4186,5094114
Costa Rica,6/25/2021,361005,1739,1482.143,4602,21,18.429,70867.083,341.374,290.952,903.396,4.122,3.618,1,,,,,,,,,,,,,,20705,,,,,4064,5094114
Costa Rica,6/26/2021,361005,0,1482.143,4602,0,18.429,70867.083,0,290.952,903.396,0,3.618,1,,,,,,,,,,,,,,20085,,,,,3943,5094114
Costa Rica,6/27/2021,361005,0,1482.143,4602,0,18.429,70867.083,0,290.952,903.396,0,3.618,1.01,,,,,,,,,,,,,,19465,,,,,3821,5094114
Costa Rica,6/28/2021,364304,3299,1458.429,4648,46,16.857,71514.693,647.61,286.297,912.426,9.03,3.309,1.01,,,,,,,,,2440385,1629222,811163,,,18846,47.91,31.98,15.92,,3700,5094114
Costa Rica,6/29/2021,366161,1857,1505.857,4661,13,16.429,71879.232,364.538,295.607,914.978,2.552,3.225,1.01,,,,,,,,,,,,,,17284,,,,,3393,5094114
Costa Rica,6/30/2021,367938,1777,1487.857,4667,6,14.286,72228.066,348.834,292.074,916.155,1.178,2.804,1.01,,,,,,,,,,,,,,16341,,,,,3208,5094114
Costa Rica,7/1/2021,369540,1602,1467.714,4674,7,13.286,72542.546,314.481,288.12,917.53,1.374,2.608,1.01,,,,,,,,,,,,,,15399,,,,,3023,5094114
Costa Rica,7/2/2021,371206,1666,1457.286,4686,12,12,72869.59,327.044,286.072,919.885,2.356,2.356,1.01,,,,,,,,,,,,,,14457,,,,,2838,5094114
Costa Rica,7/3/2021,371206,0,1457.286,4686,0,12,72869.59,0,286.072,919.885,0,2.356,1.02,,,,,,,,,,,,,,13515,,,,,2653,5094114
Costa Rica,7/4/2021,371206,0,1457.286,4686,0,12,72869.59,0,286.072,919.885,0,2.356,1.02,,,,,,,,,,,,,,12572,,,,,2468,5094114
Costa Rica,7/5/2021,374324,3118,1431.429,4726,40,11.143,73481.669,612.079,280.997,927.737,7.852,2.187,1.02,,,,,,,,,2521795,1704864,816931,,,11630,49.5,33.47,16.04,,2283,5094114
Costa Rica,7/6/2021,375812,1488,1378.714,4740,14,11.286,73773.771,292.102,270.648,930.486,2.748,2.215,1.02,,,,,,,,,,,,,,11486,,,,,2255,5094114
Costa Rica,7/7/2021,377091,1279,1307.571,4753,13,12.286,74024.845,251.074,256.683,933.038,2.552,2.412,1.02,,,,,,,,,,,,,,11343,,,,,2227,5094114
Costa Rica,7/8/2021,378938,1847,1342.571,4760,7,12.286,74387.42,362.575,263.553,934.412,1.374,2.412,1.03,,,,,,,,,,,,,,11199,,,,,2198,5094114
Costa Rica,7/9/2021,380482,1544,1325.143,4773,13,12.429,74690.515,303.095,260.132,936.964,2.552,2.44,1.03,,,,,,,,,,,,,,11055,,,,,2170,5094114
Costa Rica,7/10/2021,380482,0,1325.143,4773,0,12.429,74690.515,0,260.132,936.964,0,2.44,1.04,,,,,,,,,,,,,,10912,,,,,2142,5094114
Costa Rica,7/11/2021,380482,0,1325.143,4773,0,12.429,74690.515,0,260.132,936.964,0,2.44,1.05,,,,,,,,,,,,,,10768,,,,,2114,5094114
Costa Rica,7/12/2021,380482,0,879.714,4773,0,6.714,74690.515,0,172.692,936.964,0,1.318,1.05,,,,,,,,,,,,,,10624,,,,,2086,5094114
Costa Rica,7/13/2021,385069,4587,1322.429,4829,56,12.714,75590.966,900.451,259.599,947.957,10.993,2.496,1.07,,,,,,,,,2606791,1783949,822842,,,10624,51.17,35.02,16.15,,2086,5094114
Costa Rica,7/14/2021,386722,1653,1375.857,4842,13,12.714,75915.459,324.492,270.088,950.509,2.552,2.496,1.07,,,,,,,,,,,,,,14012,,,,,2751,5094114
Costa Rica,7/15/2021,388298,1576,1337.143,4857,15,13.857,76224.835,309.377,262.488,953.453,2.945,2.72,1.07,,,,,,,,,,,,,,17399,,,,,3416,5094114
Costa Rica,7/16/2021,389798,1500,1330.857,4874,17,14.429,76519.293,294.457,261.254,956.791,3.337,2.832,1.07,,,,,,,,,,,,,,20786,,,,,4080,5094114
Costa Rica,7/17/2021,389798,0,1330.857,4874,0,14.429,76519.293,0,261.254,956.791,0,2.832,1.07,,,,,,,,,,,,,,24173,,,,,4745,5094114
Costa Rica,7/18/2021,389798,0,1330.857,4874,0,14.429,76519.293,0,261.254,956.791,0,2.832,1.07,,,,,,,,,,,,,,27560,,,,,5410,5094114
Costa Rica,7/19/2021,392781,2983,1757,4906,32,19,77104.87,585.578,344.908,963.072,6.282,3.73,1.07,,,,,,,,,2812795,1982452,830343,,,30947,55.22,38.92,16.3,,6075,5094114
Costa Rica,7/20/2021,394135,1354,1295.143,4915,9,12.286,77370.667,265.797,254.243,964.839,1.767,2.412,1.06,,,,,,,,,,,,,,41908,,,,,8227,5094114
Costa Rica,7/21/2021,395667,1532,1277.857,4925,10,11.857,77671.407,300.739,250.85,966.802,1.963,2.328,1.06,,,,,,,,,,,,,,49483,,,,,9714,5094114
Costa Rica,7/22/2021,397469,1802,1310.143,4933,8,10.857,78025.148,353.742,257.188,968.373,1.57,2.131,1.06,,,,,,,,,,,,,,57057,,,,,11201,5094114
Costa Rica,7/23/2021,398608,1139,1258.571,4941,8,9.571,78248.74,223.591,247.064,969.943,1.57,1.879,1.07,,,,,,,,,,,,,,64632,,,,,12688,5094114
Costa Rica,7/24/2021,398608,0,1258.571,4941,0,9.571,78248.74,0,247.064,969.943,0,1.879,1.07,,,,,,,,,,,,,,72206,,,,,14174,5094114
Costa Rica,7/25/2021,398608,0,1258.571,4941,0,9.571,78248.74,0,247.064,969.943,0,1.879,1.08,,,,,,,,,,,,,,79780,,,,,15661,5094114
Costa Rica,7/26/2021,398608,0,832.429,4941,0,5,78248.74,0,163.41,969.943,0,0.982,1.09,,,,,,,,,3424278,2573189,851089,,,87355,67.22,50.51,16.71,,17148,5094114
Costa Rica,7/27/2021,402044,3436,1129.857,4987,46,10.286,78923.244,674.504,221.797,978.973,9.03,2.019,1.1,,,,,,,,,,,,,,77113,,,,,15138,5094114
Costa Rica,7/28/2021,403511,1467,1120.571,4997,10,10.286,79211.223,287.979,219.974,980.936,1.963,2.019,1.11,,,,,,,,,,,,,,66870,,,,,13127,5094114
Costa Rica,7/29/2021,405206,1695,1105.286,5013,16,11.429,79543.96,332.737,216.973,984.077,3.141,2.243,1.12,,,,,,,,,,,,,,56628,,,,,11116,5094114
Costa Rica,7/30/2021,406814,1608,1172.286,5030,17,12.714,79859.618,315.658,230.126,987.414,3.337,2.496,1.13,,,,,,,,,,,,,,46386,,,,,9106,5094114
Costa Rica,7/31/2021,406814,0,1172.286,5030,0,12.714,79859.618,0,230.126,987.414,0,2.496,1.14,,,,,,,,,,,,,,36144,,,,,7095,5094114
Costa Rica,8/1/2021,406814,0,1172.286,5030,0,12.714,79859.618,0,230.126,987.414,0,2.496,1.15,,,,,,,,,,,,,,25902,,,,,5085,5094114
Costa Rica,8/2/2021,406814,0,1172.286,5030,0,12.714,79859.618,0,230.126,987.414,0,2.496,1.15,,,,,,,,,,,,,,15659,,,,,3074,5094114
Costa Rica,8/3/2021,411123,4309,1297,5070,40,11.857,80705.497,845.878,254.608,995.266,7.852,2.328,1.17,,,,,,,,,,,,,,15659,,,,,3074,5094114
Costa Rica,8/4/2021,412918,1795,1343.857,5087,17,12.857,81057.864,352.367,263.806,998.603,3.337,2.524,1.18,,,,,,,,,,,,,,15659,,,,,3074,5094114
Costa Rica,8/5/2021,414745,1827,1362.714,5108,21,13.571,81416.513,358.649,267.508,1002.726,4.122,2.664,1.18,,,,,,,,,,,,,,15659,,,,,3074,5094114
Costa Rica,8/6/2021,416677,1932,1409,5124,16,13.429,81795.774,379.261,276.594,1005.867,3.141,2.636,1.18,,,,,,,,,,,,,,15659,,,,,3074,5094114
Costa Rica,8/7/2021,416677,0,1409,5124,0,13.429,81795.774,0,276.594,1005.867,0,2.636,1.18,,,,,,,,,,,,,,15659,,,,,3074,5094114
Costa Rica,8/8/2021,416677,0,1409,5124,0,13.429,81795.774,0,276.594,1005.867,0,2.636,1.18,,,,,,,,,,,,,,15659,,,,,3074,5094114
Costa Rica,8/9/2021,420462,3785,1949.714,5162,38,18.857,82538.789,743.014,382.739,1013.326,7.46,3.702,1.18,,,,,,,,,3643509,2780658,862851,,,15659,71.52,54.59,16.94,,3074,5094114
Costa Rica,8/10/2021,422344,1882,1603,5169,7,14.143,82908.235,369.446,314.677,1014.7,1.374,2.776,1.17,,,,,,,,,,,,,,17599,,,,,3455,5094114
Costa Rica,8/11/2021,424472,2128,1650.571,5185,16,14,83325.972,417.737,324.015,1017.841,3.141,2.748,1.17,,,,,,,,,,,,,,19538,,,,,3835,5094114
Costa Rica,8/12/2021,426474,2002,1675.571,5199,14,13,83718.974,393.003,328.923,1020.59,2.748,2.552,1.17,,,,,,,,,,,,,,21478,,,,,4216,5094114
Costa Rica,8/13/2021,428295,1821,1659.714,5211,12,12.429,84076.446,357.471,325.81,1022.945,2.356,2.44,1.17,,,,,,,,,,,,,,23417,,,,,4597,5094114
Costa Rica,8/14/2021,428295,0,1659.714,5211,0,12.429,84076.446,0,325.81,1022.945,0,2.44,1.17,,,,,,,,,,,,,,25356,,,,,4978,5094114
Costa Rica,8/15/2021,428295,0,1659.714,5211,0,12.429,84076.446,0,325.81,1022.945,0,2.44,1.17,,,,,,,,,,,,,,27296,,,,,5358,5094114
Costa Rica,8/16/2021,432149,3854,1669.571,5255,44,13.286,84833.005,756.559,327.745,1031.583,8.637,2.608,,,,,,,,,,3848155,2948584,899571,,,29235,75.54,57.88,17.66,,5739,5094114
Costa Rica,8/17/2021,434081,1932,1676.714,5269,14,14.286,85212.267,379.261,329.147,1034.331,2.748,2.804,,,,,,,,,,,,,,,,,,,,,5094114
