date,location,total_vaccinations,total_distributed,people_vaccinated,people_fully_vaccinated_per_hundred,total_vaccinations_per_hundred,people_fully_vaccinated,people_vaccinated_per_hundred,distributed_per_hundred,daily_vaccinations_raw,daily_vaccinations,daily_vaccinations_per_million,share_doses_used,Cumulative Confirmed Cases,New Confirmed Cases,Cumulative Probable Cases,New Probable Cases,Cumulative Fatalities,Fatalities by Date of Death,population
1/12/2021,Texas,911461,1949125,809148,0.35,3.14,101317,2.79,6.72,,,,0.468,1753059,22110,242233,3191,35192,360,29730311
1/13/2021,Texas,978042,1984225,861072,0.4,3.37,115965,2.97,6.84,66581,66581,2296,0.493,1774358,21009,247016,4538,35579,387,29730311
1/14/2021,Texas,1043624,2105600,917387,,3.6,,3.16,7.26,65582,66082,2279,0.496,1794545,20047,251154,3968,35945,366,29730311
1/15/2021,Texas,1160242,2105600,1003412,0.54,4,155660,3.46,7.26,116618,82927,2860,0.551,1816535,21343,256368,4991,36272,327,29730311
1/16/2021,Texas,,,,,,,,,60936.75,77429,2670,,1837552,20530,260008,3473,36582,310,29730311
1/17/2021,Texas,,,,,,,,,60936.75,74131,2557,,1853521,15667,260441,2007,36914,332,29730311
1/18/2021,Texas,,,,,,,,,60936.75,71932,2481,,1864249,10110,261303,695,37223,309,29730311
1/19/2021,Texas,1403989,2105600,1222952,0.62,4.84,179801,4.22,7.26,60936.75,70361,2427,0.667,1872614,8312,262414,1069,37558,335,29730311
1/20/2021,Texas,1471746,2551125,1282998,0.65,5.08,187503,4.42,8.8,67757,70529,2432,0.577,1898549,25512,267734,5017,37898,340,29730311
1/21/2021,Texas,1544551,2754800,1337706,0.71,5.33,205538,4.61,9.5,72805,71561,2468,0.561,1917513,18370,271130,3052,38252,354,29730311
1/22/2021,Texas,1644781,2884425,1412767,0.8,5.67,230596,4.87,9.95,100230,69220,2387,0.57,1935747,17862,275542,3978,38547,295,29730311
1/23/2021,Texas,1727869,3070825,1474571,0.87,5.96,251815,5.09,10.59,83088,72384,2496,0.563,1949885,13717,279076,3327,38838,291,29730311
1/24/2021,Texas,1763299,3070825,1502751,0.89,6.08,259056,5.18,10.59,35430,68740,2371,0.574,1960061,9731,280465,1358,39167,329,29730311
1/25/2021,Texas,1804006,3070825,1532381,0.93,6.22,270118,5.28,10.59,40707,65851,2271,0.587,1965585,5205,281260,692,39483,316,29730311
1/26/2021,Texas,1917896,3342350,1614648,1.04,6.61,301684,5.57,11.53,113890,73415,2532,0.574,1988063,21813,285056,3651,39810,327,29730311
1/27/2021,Texas,1974374,3505450,1648575,1.12,6.81,324212,5.69,12.09,56478,71804,2476,0.563,2003135,14731,289597,4213,40123,313,29730311
1/28/2021,Texas,2107005,3513450,1731725,1.29,7.27,373624,5.97,12.12,132631,80351,2771,0.6,2018127,14445,292825,2929,40403,280,29730311
1/29/2021,Texas,2219867,3659550,1804291,1.43,7.66,413844,6.22,12.62,112862,82155,2833,0.607,2033353,14750,296675,3624,40679,276,29730311
1/30/2021,Texas,2340658,3659550,1886813,1.56,8.07,452040,6.51,12.62,120791,87541,3019,0.64,2048935,14849,300207,3140,40953,274,29730311
1/31/2021,Texas,2408879,3659550,1928227,1.65,8.31,478812,6.65,12.62,68221,92226,3181,0.658,2059143,9903,301489,1252,41215,262,29730311
2/1/2021,Texas,2496232,3659550,1991555,1.73,8.61,502794,6.87,12.62,87353,98889,3410,0.682,2087170,11885,305273,2248,41449,234,29730311
2/2/2021,Texas,2496232,4092150,1991555,1.73,8.61,502794,6.87,14.11,0,82619,2849,0.61,2106729,18951,308761,3133,41692,243,29730311
2/3/2021,Texas,2652896,4214900,2086493,1.95,9.15,564433,7.2,14.54,156664,96932,3343,0.629,2120299,13181,312811,3762,41960,268,29730311
2/4/2021,Texas,2805359,4232675,2181310,2.15,9.68,621991,7.52,14.6,152463,99765,3441,0.663,2132595,11999,315798,2749,42234,274,29730311
2/5/2021,Texas,2930767,4244375,2257870,2.31,10.11,670782,7.79,14.64,125408,101557,3502,0.691,2143353,10410,319533,3541,42482,248,29730311
2/6/2021,Texas,3107936,4402275,2371311,2.53,10.72,734386,8.18,15.18,177169,109611,3780,0.706,2154678,10904,322105,2288,42703,221,29730311
2/7/2021,Texas,3246638,4402275,2464468,2.69,11.2,779857,8.5,15.18,138702,119680,4127,0.737,2160098,5278,323089,944,42909,206,29730311
2/8/2021,Texas,3322062,4402275,2512804,2.78,11.46,806885,8.67,15.18,75424,117976,4069,0.755,2166919,6613,324308,1216,43126,217,29730311
2/9/2021,Texas,3436180,4594050,2589885,2.91,11.85,843836,8.93,15.84,114118,134278,4631,0.748,2177572,10378,326984,2588,43333,207,29730311
2/10/2021,Texas,3568618,5010525,2672352,3.08,12.31,893767,9.22,17.28,132438,130817,4512,0.712,2187850,9936,329603,2332,43561,228,29730311
2/11/2021,Texas,3708460,5091325,2745305,3.31,12.79,960517,9.47,17.56,139842,129014,4449,0.728,2196882,8435,332461,2750,43737,176,29730311
2/12/2021,Texas,3873581,5095175,2834361,3.57,13.36,1036384,9.78,17.57,165121,134688,4645,0.76,2206982,9049,334863,2322,43931,194,29730311
2/13/2021,Texas,4007986,5098825,2901250,3.81,13.82,1103754,10.01,17.58,134405,128579,4434,0.786,2215885,8498,337242,2319,44124,193,29730311
2/14/2021,Texas,4133747,5099325,2970596,4,14.26,1159996,10.24,17.59,125761,126730,4371,0.811,2221955,5725,338105,827,44296,172,29730311
2/15/2021,Texas,,,,,,,,,61318,124715,4301,,2225399,2981,338550,445,44456,160,29730311
2/16/2021,Texas,4256383,5112975,3037786,4.19,14.68,1215236,10.48,17.63,61318,117172,4041,0.832,2229008,3308,338289,427,44614,158,29730311
2/17/2021,Texas,4312301,5113175,3059756,4.31,14.87,1249085,10.55,17.63,55918,106240,3664,0.843,2231717,2563,339346,943,44800,186,29730311
2/18/2021,Texas,4333726,5258675,3071010,4.34,14.95,1259237,10.59,18.14,21425,89324,3081,0.824,2234506,2690,339688,322,44986,186,29730311
2/19/2021,Texas,4542622,5520100,3205884,4.59,15.67,1331268,11.06,19.04,208896,95577,3296,0.823,2236776,2150,340355,641,45185,199,29730311
2/20/2021,Texas,4614697,5602100,3241776,4.72,15.92,1367318,11.18,19.32,72075,86673,2989,0.824,2241808,4902,341809,1430,45350,165,29730311
2/21/2021,Texas,4673868,5652800,3267255,4.83,16.12,1400924,11.27,19.5,59171,77160,2661,0.827,2245634,3617,342467,642,45495,145,29730311
2/22/2021,Texas,4711180,5652800,3299008,4.95,16.25,1434295,11.38,19.5,37312,73731,2543,0.833,2251388,2355,343078,277,45664,169,29730311
2/23/2021,Texas,4800286,6151450,3330051,5.15,16.56,1492293,11.48,21.21,89106,77700,2680,0.78,2259407,7556,346868,2148,45809,145,29730311
2/24/2021,Texas,4923960,7191395,3383302,5.39,16.98,1563048,11.67,24.8,123674,87380,3014,0.685,2264763,4991,349029,2009,45935,126,29730311
2/25/2021,Texas,5107257,7380615,3305597,5.51,17.61,1598951,11.4,25.45,183297,110504,3811,0.692,2269845,4889,351310,2099,46066,131,29730311
2/26/2021,Texas,5273077,7419305,3381100,5.8,18.19,1682309,11.66,25.59,165820,104351,3599,0.711,2275486,5198,353630,2140,46221,155,29730311
2/27/2021,Texas,5394961,7615175,3445638,5.96,18.61,1728456,11.88,26.26,121884,111466,3844,0.708,2284059,5687,356150,2416,46334,113,29730311
2/28/2021,Texas,5566612,7615175,3533100,6.22,19.2,1804118,12.18,26.26,171651,127535,4398,0.731,2287135,2921,356889,715,46435,101,29730311
3/1/2021,Texas,5572496,7615175,3533100,6.22,19.22,1804118,12.18,26.26,5884,123045,4244,0.732,2292097,1637,355748,344,46571,136,29730311
3/2/2021,Texas,5956629,8234755,3735197,6.84,20.54,1984483,12.88,28.4,384133,165192,5697,0.723,2297878,6613,357714,1761,46671,100,29730311
3/3/2021,Texas,6191550,8709955,3850248,7.24,21.35,2098647,13.28,30.04,234921,181084,6245,0.711,2304081,4781,359333,1400,46786,115,29730311
3/4/2021,Texas,6379094,8839175,3955205,7.5,22,2174327,13.64,30.48,187544,181691,6266,0.722,2309124,3493,362318,2410,46891,105,29730311
3/5/2021,Texas,6591175,9164325,4098216,7.71,22.73,2235145,14.13,31.61,212081,188300,6494,0.719,2314187,4277,364108,1636,46994,103,29730311
3/6/2021,Texas,6829275,9250505,4246954,7.99,23.55,2316297,14.65,31.9,238100,204902,7067,0.738,2318522,3631,365343,1082,47091,97,29730311
3/7/2021,Texas,6938167,9250505,4313322,8.11,23.93,2351296,14.88,31.9,108892,195936,6757,0.75,2320857,1805,365961,615,47169,78,29730311
3/8/2021,Texas,7071506,9250505,4406573,8.25,24.39,2392254,15.2,31.9,133339,214144,7385,0.764,2322728,1084,366685,216,47271,102,29730311
3/9/2021,Texas,7299866,9694925,4574899,8.49,25.18,2460920,15.78,33.44,228360,191891,6618,0.753,2326885,3744,367841,1063,47350,79,29730311
3/10/2021,Texas,7529655,10509965,4740604,8.76,25.97,2538748,16.35,36.25,229789,191158,6593,0.716,2330216,3104,369373,1306,47451,101,29730311
3/11/2021,Texas,7730664,10660615,4893813,8.96,26.66,2598847,16.88,36.77,201009,193081,6659,0.725,2333796,3032,370548,1021,47544,93,29730311
3/12/2021,Texas,8005490,10885765,5100346,9.28,27.61,2691427,17.59,37.54,274826,202045,6968,0.735,2338763,4650,372086,1428,47619,75,29730311
3/13/2021,Texas,8261238,10967665,5293079,9.58,28.49,2776633,18.25,37.82,255748,204566,7055,0.753,2342740,3726,373015,912,47695,76,29730311
3/14/2021,Texas,8421946,10967665,5417558,9.75,29.05,2827711,18.68,37.82,160708,211968,7310,0.768,2345024,2004,373359,343,47759,64,29730311
3/15/2021,Texas,8547673,10967665,5509231,9.89,29.48,2866512,19,37.82,125727,210881,7273,0.779,2346924,1437,374202,173,47842,83,29730311
3/16/2021,Texas,8660886,11362975,5601318,9.99,29.87,2897500,19.32,39.19,113213,194431,6705,0.762,2351382,4279,374812,559,47921,79,29730311
3/17/2021,Texas,8850377,12080835,5750589,10.14,30.52,2941437,19.83,41.66,189491,188675,6507,0.733,2355666,4034,375604,712,48002,81,29730311
3/18/2021,Texas,9055037,12256425,5912169,10.3,31.23,2986118,20.39,42.27,204660,189196,6525,0.739,2359556,3757,376255,616,48074,72,29730311
3/19/2021,Texas,9237352,12580115,6052656,10.46,31.86,3031660,20.87,43.39,182315,175980,6069,0.734,2362234,2552,377151,843,48136,62,29730311
3/20/2021,Texas,9428516,12613635,6195559,10.64,32.52,3084094,21.37,43.5,191164,166754,5751,0.747,2364745,2428,378434,1245,48211,75,29730311
3/21/2021,Texas,9611867,12613635,6320852,10.84,33.15,3143362,21.8,43.5,183351,169989,5863,0.762,2366494,1677,378667,228,48268,57,29730311
3/22/2021,Texas,9734465,12613635,6390503,11.01,33.57,3191523,22.04,43.5,122598,169542,5847,0.772,2368222,1516,379471,253,48329,61,29730311
3/23/2021,Texas,9845182,13186115,6467491,11.14,33.95,3228903,22.3,45.48,110717,169185,5835,0.747,2371653,3205,380635,1064,48385,56,29730311
3/24/2021,Texas,9841589,14008165,6453836,11.16,33.94,3235291,22.26,48.31,-3593,141602,4884,0.703,2374938,2758,381694,900,48440,55,29730311
3/25/2021,Texas,10133617,14200005,6642893,11.52,34.95,3341681,22.91,48.97,292028,154083,5314,0.714,2377275,2167,382591,788,48490,50,29730311
3/26/2021,Texas,10420919,14628545,6819423,11.88,35.94,3446084,23.52,50.45,287302,169081,5831,0.712,2381859,2239,383587,738,48542,52,29730311
3/27/2021,Texas,10700661,14660795,6969269,12.34,36.9,3577806,24.04,50.56,279742,181735,6268,0.73,2384271,2292,384394,737,48597,55,29730311
3/28/2021,Texas,10941968,14660795,7099537,12.71,37.74,3684436,24.48,50.56,241307,190014,6553,0.746,2386312,1918,385768,367,48640,43,29730311
3/29/2021,Texas,11130215,14660795,7211223,12.95,38.39,3756181,24.87,50.56,188247,199393,6877,0.759,2388650,1881,387019,339,48686,46,29730311
3/30/2021,Texas,11357324,15184925,7336199,13.32,39.17,3863243,25.3,52.37,227109,216020,7450,0.748,2391860,3123,386948,857,48714,28,29730311
3/31/2021,Texas,11604088,16084645,7476870,13.7,40.02,3973093,25.79,55.47,246764,251786,8684,0.721,2395313,3077,387992,1009,48761,47,29730311
4/1/2021,Texas,11950969,16318875,7648787,14.32,41.22,4153575,26.38,56.28,346881,259622,8954,0.732,2397828,2409,388814,797,48810,49,29730311
4/2/2021,Texas,12318117,16771515,7834308,14.97,42.48,4339888,27.02,57.84,367148,271028,9347,0.734,2400470,2528,389690,839,48853,43,29730311
4/3/2021,Texas,12565129,16832185,7968097,15.36,43.33,4454581,27.48,58.05,247012,266353,9186,0.746,2401898,1250,389912,200,48897,44,29730311
4/4/2021,Texas,12808243,16832185,8100286,15.74,44.17,4564010,27.94,58.05,243114,266611,9195,0.761,2403393,1465,390131,219,48933,36,29730311
4/5/2021,Texas,13065244,16832185,8251415,16.11,45.06,4670842,28.46,58.05,257001,276433,9534,0.776,2404297,837,390186,53,48971,38,29730311
4/6/2021,Texas,13297711,17484305,8370495,16.54,45.86,4796711,28.87,60.3,232467,277198,9560,0.761,2408440,3365,391814,802,49019,48,29730311
4/7/2021,Texas,13533392,18495925,8501525,16.94,46.67,4912656,29.32,63.79,235681,275615,9505,0.732,2412115,3285,392683,813,49064,45,29730311
4/8/2021,Texas,13825974,18678115,8657293,17.48,47.68,5069262,29.86,64.42,292582,267858,9238,0.74,2415822,2445,393675,732,49098,34,29730311
4/9/2021,Texas,14219706,18984205,8883466,18.16,49.04,5264535,30.64,65.47,393732,271656,9369,0.749,2418286,2227,394613,791,49142,44,29730311
4/10/2021,Texas,14685955,19312495,9143541,18.98,50.65,5502168,31.53,66.6,466249,302975,10449,0.76,2420581,1902,395516,759,49184,42,29730311
4/11/2021,Texas,14959669,19312495,9293759,19.49,51.59,5650179,32.05,66.6,273714,307347,10600,0.775,2422139,1516,395730,209,49220,36,29730311
4/12/2021,Texas,15151731,19312495,9401590,19.86,52.25,5758786,32.42,66.6,192062,298070,10280,0.785,2423630,1444,395899,169,49266,46,29730311
4/13/2021,Texas,15343387,19772975,9522257,20.24,52.92,5867492,32.84,68.19,191656,292239,10079,0.776,2428867,4370,397939,1051,49314,48,29730311
4/14/2021,Texas,15610120,20671965,9670695,20.69,53.84,6000263,33.35,71.29,266733,296675,10232,0.755,2431276,2267,398866,909,49361,47,29730311
4/15/2021,Texas,15897950,20813575,9813128,21.24,54.83,6158775,33.84,71.78,287830,295997,10208,0.764,2434200,2770,399304,685,49397,36,29730311
4/16/2021,Texas,16167944,20983185,9942195,21.72,55.76,6298033,34.29,72.37,269994,278320,9599,0.771,2436571,2225,400407,976,49436,39,29730311
4/17/2021,Texas,16419173,21453555,10080135,22.1,56.63,6408763,34.76,73.99,251229,247603,8539,0.765,2438385,1657,401275,773,49475,39,29730311
4/18/2021,Texas,16539082,21453555,10146230,22.27,57.04,6458707,34.99,73.99,119909,225630,7781,0.771,2439892,1434,401672,389,49528,53,29730311
4/19/2021,Texas,16745114,21453555,10245431,22.63,57.75,6561710,35.33,73.99,206032,227626,7850,0.781,2440986,1073,401777,105,49563,35,29730311
4/20/2021,Texas,16870701,21882555,10302449,22.87,58.18,6631191,35.53,75.47,125587,218188,7525,0.771,2444933,3554,403887,821,49604,41,29730311
4/21/2021,Texas,17065670,23032495,10389002,23.23,58.86,6734779,35.83,79.43,194969,207936,7171,0.741,2448662,3503,405014,1015,49642,38,29730311
4/22/2021,Texas,17307611,23207205,10477069,23.74,59.69,6882900,36.13,80.04,241941,201380,6945,0.746,2451130,2195,405887,795,49682,40,29730311
4/23/2021,Texas,17543688,23429775,10567699,24.22,60.5,7023472,36.45,80.8,236077,196535,6778,0.749,2453803,2547,406686,759,49727,45,29730311
4/24/2021,Texas,17782171,23721275,10668749,24.68,61.33,7155176,36.79,81.81,238483,194714,6715,0.75,2455715,1768,407223,514,49766,39,29730311
4/25/2021,Texas,17979089,23721275,10747645,25.06,62.01,7267787,37.07,81.81,196918,205715,7095,0.758,2456905,1128,407440,216,49803,37,29730311
4/26/2021,Texas,18093739,23721275,10796687,25.29,62.4,7332085,37.24,81.81,114650,192661,6644,0.763,2458625,1390,407638,192,49832,29,29730311
4/27/2021,Texas,18218563,24079945,10849586,25.54,62.83,7404324,37.42,83.05,124824,192552,6641,0.757,2461831,3293,410040,898,49877,45,29730311
4/28/2021,Texas,18395582,24993025,10915947,25.91,63.44,7512024,37.65,86.2,177019,189987,6552,0.736,2464876,2871,411264,591,49919,42,29730311
4/29/2021,Texas,18622188,25102855,10999257,26.4,64.22,7654594,37.93,86.57,226606,187797,6477,0.742,2467456,2404,412256,888,49960,41,29730311
4/30/2021,Texas,18885671,25401725,11092489,26.99,65.13,7826009,38.26,87.6,263483,191712,6612,0.743,2470095,2500,413132,824,49992,32,29730311
5/1/2021,Texas,19090255,25514685,11164737,27.46,65.84,7960964,38.5,87.99,204584,186869,6445,0.748,2472718,2515,413995,786,50027,35,29730311
5/2/2021,Texas,19205116,25514685,11199365,27.72,66.23,8037727,38.62,87.99,114861,175147,6040,0.753,2473679,919,414341,345,50058,31,29730311
5/3/2021,Texas,19276649,25514685,11226347,27.87,66.48,8081630,38.72,87.99,71533,168987,5828,0.756,2474902,1203,414659,318,50095,37,29730311
5/4/2021,Texas,19350193,26000725,11253017,28.04,66.73,8130177,38.81,89.67,73544,161661,5575,0.744,2478241,3217,415473,867,50142,47,29730311
5/5/2021,Texas,19519836,26975255,11306814,28.44,67.32,8247643,38.99,93.03,169643,160608,5539,0.724,2480166,1798,416052,490,50181,39,29730311
5/6/2021,Texas,19690275,27082705,11359643,28.85,67.91,8365487,39.18,93.4,170439,152584,5262,0.727,2481873,1408,416705,587,50220,39,29730311
5/7/2021,Texas,19884729,27265505,11413686,29.34,68.58,8507634,39.36,94.03,194454,142723,4922,0.729,2484044,1962,417460,713,50247,27,29730311
5/8/2021,Texas,20060525,27376775,11467096,29.76,69.18,8629882,39.55,94.42,175796,138610,4780,0.733,2485695,1445,417999,504,50278,31,29730311
5/9/2021,Texas,20215285,27376675,11508786,30.15,69.72,8742609,39.69,94.42,154760,144310,4977,0.738,2486826,1079,418284,279,50308,30,29730311
5/10/2021,Texas,20304544,27376675,11537922,30.37,70.03,8806632,39.79,94.42,89259,146842,5064,0.742,2487480,651,418383,96,50342,34,29730311
5/11/2021,Texas,20403618,27689175,11574600,30.61,70.37,8875272,39.92,95.49,99074,150489,5190,0.737,2490481,2859,419348,842,50381,39,29730311
5/12/2021,Texas,20533264,28126035,11620495,30.91,70.81,8962867,40.08,97,129646,144775,4993,0.73,2492365,1656,419830,463,50407,26,29730311
5/13/2021,Texas,20671478,28232055,11663719,31.24,71.29,9058956,40.23,97.37,138214,140172,4834,0.732,2494065,1545,420578,730,50439,32,29730311
5/14/2021,Texas,20816039,28474075,11714260,31.58,71.79,9156193,40.4,98.2,144561,133044,4588,0.731,2496002,1766,421254,631,50476,37,29730311
5/15/2021,Texas,20981555,28654065,11790547,31.95,72.36,9264949,40.66,98.82,165516,131576,4538,0.732,2497468,1254,421771,424,50515,39,29730311
5/16/2021,Texas,21179788,28654065,11881680,32.34,73.04,9377315,40.98,98.82,198233,137786,4752,0.739,2497892,388,421997,207,50541,26,29730311
5/17/2021,Texas,21334970,28654065,11966680,32.61,73.58,9455859,41.27,98.82,155182,147204,5077,0.745,2498217,318,422172,175,50578,37,29730311
5/18/2021,Texas,21430921,28735365,12017212,32.78,73.91,9505017,41.44,99.1,95951,146758,5061,0.746,2501376,2835,423090,783,50617,39,29730311
5/19/2021,Texas,21585931,29014615,12094067,33.06,74.44,9586146,41.71,100.06,155010,150381,5186,0.744,2503036,1464,423445,305,50643,26,29730311
5/20/2021,Texas,21719251,29159175,12162473,33.3,74.9,9654297,41.95,100.56,133320,149682,5162,0.745,2504484,1237,423900,427,50672,29,29730311
5/21/2021,Texas,21926464,29372305,12273765,33.64,75.62,9755603,42.33,101.3,207213,158632,5471,0.747,2505622,1011,424339,390,50703,31,29730311
5/22/2021,Texas,22041180,29660595,12332445,33.84,76.01,9812817,42.53,102.29,114716,151375,5221,0.743,2507412,857,423902,262,50726,23,29730311
5/23/2021,Texas,22175490,29660595,12401893,34.07,76.48,9878166,42.77,102.29,134310,142243,4906,0.748,2508007,519,424075,173,50764,38,29730311
5/24/2021,Texas,22260158,29660595,12450803,34.2,76.77,9917199,42.94,102.29,84668,132170,4558,0.75,2508550,574,424219,141,50798,34,29730311
5/25/2021,Texas,22360193,29755785,12508198,34.37,77.12,9966234,43.14,102.62,100035,132753,4578,0.751,2511712,1928,425021,534,50831,33,29730311
5/26/2021,Texas,22486269,29891635,12570927,34.6,77.55,10033635,43.35,103.09,126076,128620,4436,0.752,2513424,1595,425490,424,50863,32,29730311
5/27/2021,Texas,22593372,29971935,12625469,34.79,77.92,10088586,43.54,103.37,107103,124874,4307,0.754,2514409,778,425794,284,50895,32,29730311
5/28/2021,Texas,22725688,30191985,12698614,35.03,78.38,10156858,43.79,104.13,132316,114175,3938,0.753,2515922,1411,426313,484,50925,30,29730311
5/29/2021,Texas,22847875,30384105,12756426,35.26,78.8,10223071,43.99,104.79,122187,115242,3974,0.752,2516781,762,426535,211,50942,17,29730311
5/30/2021,Texas,22942135,30386725,12804890,35.43,79.12,10272326,44.16,104.8,94260,109521,3777,0.755,2517141,286,426559,22,50968,26,29730311
5/31/2021,Texas,,,,,,,,,50144.5,104589,3607,,2517276,123,426568,9,50987,19,29730311
6/1/2021,Texas,23042424,30386725,12857415,35.61,79.47,10325589,44.34,104.8,50144.5,97462,3361,0.758,2517398,94,426605,34,51016,29,29730311
6/2/2021,Texas,23095348,30408955,12883519,35.71,79.65,10355208,44.43,104.87,52924,87011,3001,0.759,2518828,1341,427170,497,51038,22,29730311
6/3/2021,Texas,23178516,30578915,12928638,35.85,79.94,10395423,44.59,105.46,83168,83592,2883,0.758,2520151,1078,427709,455,51057,19,29730311
6/4/2021,Texas,23293586,30626095,12984438,36.07,80.33,10457956,44.78,105.62,115070,81128,2798,0.761,2522016,1514,428606,415,51084,27,29730311
6/5/2021,Texas,23383001,30856235,13026862,36.24,80.64,10506744,44.93,106.42,89415,76447,2636,0.758,2523617,1257,428984,360,51104,20,29730311
6/6/2021,Texas,23501684,30856235,13073414,36.5,81.05,10583077,45.09,106.42,118683,79936,2757,0.762,2524212,584,429026,40,51128,24,29730311
6/7/2021,Texas,23570625,30856235,13102370,36.64,81.29,10623566,45.19,106.42,68941,82621,2849,0.764,2524688,339,429055,29,51148,20,29730311
6/8/2021,Texas,23639670,30896645,13136311,36.77,81.53,10662171,45.3,106.56,69045,85321,2943,0.765,2525991,1036,429544,379,51168,20,29730311
6/9/2021,Texas,23733581,30964115,13175964,36.97,81.85,10719245,45.44,106.79,93911,91176,3144,0.766,2527350,1361,434678,351,51186,18,29730311
6/10/2021,Texas,23847099,30974425,13224910,37.2,82.24,10787111,45.61,106.82,113518,95512,3294,0.77,2529068,1418,435435,715,51208,22,29730311
6/11/2021,Texas,23960479,31070825,13272826,37.44,82.63,10856801,45.77,107.16,113380,95270,3286,0.771,2530176,798,435790,297,51227,19,29730311
6/12/2021,Texas,24127329,31153065,13343213,37.79,83.21,10956306,46.02,107.44,166850,106333,3667,0.774,2530658,922,436376,568,51243,16,29730311
6/13/2021,Texas,24197795,31153065,13366617,37.95,83.45,11003643,46.1,107.44,70466,99444,3430,0.777,2530910,240,436444,60,51268,25,29730311
6/14/2021,Texas,24252789,31153065,13383666,38.08,83.64,11040641,46.16,107.44,54994,97452,3361,0.779,2531194,278,436536,91,51284,16,29730311
6/15/2021,Texas,24367591,31171755,13431386,38.32,84.04,11111358,46.32,107.5,114802,103989,3586,0.782,2532112,1207,436925,379,51301,17,29730311
6/16/2021,Texas,24558568,31200615,13511241,38.72,84.7,11228415,46.6,107.6,190977,117855,4065,0.787,2533123,782,437347,376,51321,20,29730311
6/17/2021,Texas,24735511,31231725,13587030,39.08,85.31,11331694,46.86,107.71,176943,126916,4377,0.792,2534149,1214,438088,683,51337,16,29730311
6/18/2021,Texas,24837998,31303415,13629902,39.3,85.66,11394211,47.01,107.96,102487,125360,4323,0.793,2534730,737,438441,295,51350,13,29730311
6/19/2021,Texas,24909954,31438315,13659192,39.45,85.91,11438446,47.11,108.42,71956,111804,3856,0.792,2536217,1125,438958,454,51374,24,29730311
6/20/2021,Texas,25000644,31438315,13692552,39.66,86.22,11499285,47.22,108.42,90690,114693,3955,0.795,2536646,387,439055,94,51395,21,29730311
6/21/2021,Texas,25049611,31438315,13712080,39.76,86.39,11530134,47.29,108.42,48967,113832,3926,0.797,2536691,124,439096,41,51414,19,29730311
6/22/2021,Texas,25095675,31485795,13733578,39.86,86.55,11558001,47.36,108.59,46064,104012,3587,0.797,2538120,907,439460,346,51432,18,29730311
6/23/2021,Texas,25148409,31538265,13760302,39.96,86.73,11585706,47.46,108.77,52734,84263,2906,0.797,2538908,870,439351,292,51451,19,29730311
6/24/2021,Texas,25215418,31589575,13788548,40.1,86.96,11625904,47.55,108.95,67009,68558,2364,0.798,2540318,1091,440181,613,51466,15,29730311
6/25/2021,Texas,25289039,31693015,13819047,40.25,87.22,11671124,47.66,109.3,73621,64434,2222,0.798,2541586,684,440591,299,51485,19,29730311
6/26/2021,Texas,25394826,31798045,13855461,40.49,87.58,11740883,47.78,109.66,105787,69267,2389,0.799,2542877,888,441145,392,51500,15,29730311
6/27/2021,Texas,25504046,31798045,13887134,40.77,87.96,11821660,47.89,109.66,109220,71915,2480,0.802,2543158,261,441182,31,51519,19,29730311
6/28/2021,Texas,25565261,31798045,13908684,40.91,88.17,11862033,47.97,109.66,61215,73664,2540,0.804,2543253,221,441270,87,51543,24,29730311
6/29/2021,Texas,25616731,31835125,13935870,41,88.35,11888907,48.06,109.79,51470,74437,2567,0.805,2544966,1186,441881,460,51558,15,29730311
6/30/2021,Texas,25686380,31844105,13962839,41.15,88.59,11932087,48.15,109.82,69649,76853,2650,0.807,2546040,912,442417,347,51583,25,29730311
7/1/2021,Texas,25756467,31847565,13990784,41.3,88.83,11974642,48.25,109.83,70087,77293,2666,0.809,2547411,1144,443292,752,51597,14,29730311
7/2/2021,Texas,25815427,31882465,14018426,41.41,89.03,12006600,48.35,109.96,58960,75198,2593,0.81,2548878,1319,443736,389,51617,20,29730311
7/3/2021,Texas,25878519,31925105,14049144,41.52,89.25,12039497,48.45,110.1,63092,69099,2383,0.811,2549911,829,444141,347,51642,25,29730311
7/4/2021,Texas,25926954,31925105,14073332,41.61,89.42,12065113,48.54,110.1,48435,60415,2084,0.812,2550317,254,444154,7,51654,12,29730311
7/5/2021,Texas,,,,,,,,,25792.5,55355,1909,,2550524,200,444202,45,51675,21,29730311
7/6/2021,Texas,25978539,31925105,14100765,41.7,89.59,12091994,48.63,110.1,25792.5,51687,1783,0.814,2551193,573,444535,309,51693,18,29730311
7/7/2021,Texas,26017134,31925105,14123333,41.76,89.73,12109858,48.71,110.1,38595,47251,1630,0.815,2552507,1282,445067,509,51714,21,29730311
7/8/2021,Texas,26080182,32120555,14154745,41.88,89.94,12144561,48.82,110.78,63048,46245,1595,0.812,2555413,2853,446204,1118,51734,20,29730311
7/9/2021,Texas,26130140,32161705,14186150,41.96,90.12,12166820,48.92,110.92,49958,44959,1551,0.812,2557272,1798,446742,524,51760,26,29730311
7/10/2021,Texas,26195987,32252315,14215759,42.09,90.34,12205276,49.03,111.23,65847,45353,1564,0.812,2559101,1719,447233,478,51775,15,29730311
7/11/2021,Texas,26245668,32252315,14242190,42.18,90.52,12230164,49.12,111.23,49681,45531,1570,0.814,2559643,516,447291,54,51800,25,29730311
7/12/2021,Texas,26283364,32252315,14264125,42.24,90.65,12248085,49.19,111.23,37696,47231,1629,0.815,2560046,396,447425,134,51827,27,29730311
7/13/2021,Texas,26327776,32258525,14285663,42.33,90.8,12273969,49.27,111.25,44412,49891,1721,0.816,2562797,2613,448326,849,51851,24,29730311
7/14/2021,Texas,26394645,32293675,14315284,42.46,91.03,12312982,49.37,111.37,66869,53930,1860,0.817,2565034,2154,449215,866,51877,26,29730311
7/15/2021,Texas,26448461,32341455,14340944,42.56,91.21,12341791,49.46,111.54,53816,52611,1814,0.818,2568577,3462,450553,1307,51906,29,29730311
7/16/2021,Texas,26494893,32401485,14364801,42.64,91.37,12363923,49.54,111.75,46432,52108,1797,0.818,2571693,3008,451809,1231,51940,34,29730311
7/17/2021,Texas,26551336,32505445,14395623,42.73,91.57,12390950,49.65,112.1,56443,50764,1751,0.817,2574433,2686,452706,880,51965,25,29730311
7/18/2021,Texas,26598663,32505445,14421509,42.81,91.73,12412160,49.74,112.1,47327,50428,1739,0.818,2576284,1815,453001,286,51997,32,29730311
7/19/2021,Texas,26632345,32505445,14440646,42.86,91.85,12427484,49.8,112.1,33682,49854,1719,0.819,2577197,889,453145,144,52030,33,29730311
7/20/2021,Texas,26674874,32512905,14472510,42.96,92,12456699,49.91,112.13,42529,49585,1710,0.82,2580592,3304,454187,997,52070,40,29730311
7/21/2021,Texas,26744604,32549095,14513117,43.06,92.24,12484818,50.05,112.25,69730,49994,1724,0.822,2584324,3621,455656,1435,52110,40,29730311
7/22/2021,Texas,26817055,32594555,14569242,43.12,92.49,12503152,50.25,112.41,72451,52656,1816,0.823,2590934,6417,457641,1895,52143,33,29730311
7/23/2021,Texas,26881088,32783835,14610905,43.2,92.71,12527659,50.39,113.06,64033,55171,1903,0.82,2596610,5391,459501,1800,52194,51,29730311
7/24/2021,Texas,26882095,32896195,14610905,43.2,92.71,12527659,50.39,113.45,1007,47251,1630,0.817,2601663,4978,461052,1532,52239,45,29730311
7/25/2021,Texas,27014323,32896995,14697655,43.37,93.17,12575426,50.69,113.45,132228,59380,2048,0.821,2603725,2036,461348,294,52283,44,29730311
7/26/2021,Texas,27066624,32896995,14733626,43.43,93.35,12593905,50.81,113.45,52301,62040,2140,0.823,2605142,1387,461532,178,52324,41,29730311
7/27/2021,Texas,27113209,32941555,14767162,43.49,93.51,12609049,50.93,113.61,46585,62619,2160,0.823,2611808,6571,463508,1929,52383,59,29730311
7/28/2021,Texas,27175812,32980075,14810678,43.56,93.72,12630423,51.08,113.74,62603,61601,2124,0.824,2621979,10086,466337,2811,52435,52,29730311
7/29/2021,Texas,27256486,33175225,14866768,43.65,94,12658112,51.27,114.41,80674,62776,2165,0.822,2628528,6167,468318,1876,52490,55,29730311
7/30/2021,Texas,27335628,33347225,14922919,43.75,94.27,12684799,51.47,115.01,79142,64934,2239,0.82,2641702,13149,471101,2744,52542,52,29730311
7/31/2021,Texas,27420863,33560945,14982363,43.84,94.57,12713003,51.67,115.74,85235,76967,2654,0.817,2652783,10929,472916,1803,52598,56,29730311
8/1/2021,Texas,27497655,33560945,15035717,43.93,94.83,12737094,51.85,115.74,76792,69047,2381,0.819,2654872,2049,473230,310,52666,68,29730311
8/2/2021,Texas,27557900,33560945,15077760,44,95.04,12757537,52,115.74,60245,70182,2420,0.821,2658660,3781,473819,577,52740,74,29730311
8/3/2021,Texas,27622945,33637945,15116202,44.1,95.27,12786339,52.13,116.01,65045,72819,2511,0.821,2670535,11774,476505,2465,52800,60,29730311
8/4/2021,Texas,27700931,33696655,15171461,44.18,95.53,12810625,52.32,116.21,77986,75017,2587,0.822,2686339,15558,480037,3445,52866,66,29730311
8/5/2021,Texas,27779346,33790805,15226097,44.27,95.8,12835583,52.51,116.54,78415,74694,2576,0.822,2697312,10912,482795,2737,52923,57,29730311
8/6/2021,Texas,27862096,34087745,15287249,44.35,96.09,12858582,52.72,117.56,82750,75210,2594,0.817,2706267,8833,492953,2507,53000,77,29730311
8/7/2021,Texas,27952207,34349515,15352314,44.44,96.4,12884456,52.95,118.46,90111,75906,2618,0.814,2723255,16899,496045,3082,53068,68,29730311
8/8/2021,Texas,28037931,34349515,15413924,44.52,96.7,12908811,53.16,118.46,85724,77182,2662,0.816,2728670,5377,496412,363,53133,65,29730311
8/9/2021,Texas,28098028,34349655,15457140,44.58,96.9,12926750,53.31,118.46,60097,77161,2661,0.818,2730883,2151,496648,235,53206,73,29730311
8/10/2021,Texas,28158288,34468615,15499791,44.65,97.11,12946189,53.46,118.87,60260,76478,2638,0.817,2744957,13935,500158,3466,53265,59,29730311
8/11/2021,Texas,28227060,34561825,15548515,44.72,97.35,12967261,53.62,119.2,68772,75161,2592,0.817,2759325,14214,503958,3684,53309,44,29730311
8/12/2021,Texas,28324847,34847795,15614051,44.83,97.69,13000265,53.85,120.18,97787,77929,2688,0.813,2771471,11975,506998,2945,53336,27,29730311
8/13/2021,Texas,28446293,35149375,15696808,44.97,98.1,13039459,54.13,121.22,121446,83457,2878,0.809,2782130,10593,510050,3021,53351,15,29730311
8/14/2021,Texas,28577758,35305205,15776656,45.15,98.56,13092726,54.41,121.76,131465,89364,3082,0.809,2804145,21896,514656,4558,53366,15,29730311
8/15/2021,Texas,28671337,35306135,15834329,45.27,98.88,13127433,54.61,121.76,93579,90487,3121,0.812,2808388,4209,515585,889,53369,3,29730311
8/16/2021,Texas,28731472,35306415,15870912,45.35,99.09,13148736,54.74,121.76,60135,90492,3121,0.814,2813831,5343,515977,390,53370,1,29730311
8/17/2021,Texas,28806473,35488695,15914369,45.45,99.35,13179043,54.88,122.39,75001,92598,3193,0.812,2834135,20123,519913,4299,53370,0,29730311
8/18/2021,Texas,28887326,35778825,15961307,45.55,99.63,13208896,55.05,123.39,80853,94324,3253,0.807,2855024,20058,525096,5046,,0,29730311
