location,date,total_cases,new_cases,new_cases_smoothed,total_deaths,new_deaths,new_deaths_smoothed,total_cases_per_million,new_cases_per_million,new_cases_smoothed_per_million,total_deaths_per_million,new_deaths_per_million,new_deaths_smoothed_per_million,reproduction_rate,icu_patients,icu_patients_per_million,hosp_patients,hosp_patients_per_million,weekly_icu_admissions,weekly_icu_admissions_per_million,weekly_hosp_admissions,weekly_hosp_admissions_per_million,new_tests,total_vaccinations,people_vaccinated,people_fully_vaccinated,total_boosters,new_vaccinations,new_vaccinations_smoothed,total_vaccinations_per_hundred,people_vaccinated_per_hundred,people_fully_vaccinated_per_hundred,total_boosters_per_hundred,new_vaccinations_smoothed_per_million,population
Uruguay,3/13/2020,4,4,,,,,1.152,1.152,,,,,,,,,,,,,,,,,,,,,,,,,,3473727
Uruguay,3/14/2020,6,2,,,,,1.727,0.576,,,,,,,,,,,,,,,,,,,,,,,,,,3473727
Uruguay,3/15/2020,8,2,,,,,2.303,0.576,,,,,,,,,,,,,,,,,,,,,,,,,,3473727
Uruguay,3/16/2020,29,21,,,,,8.348,6.045,,,,,,,,,,,,,,,,,,,,,,,,,,3473727
Uruguay,3/17/2020,50,21,,,,,14.394,6.045,,,,,,,,,,,,,,,,,,,,,,,,,,3473727
Uruguay,3/18/2020,79,29,11.286,,,0,22.742,8.348,3.249,,,0,,,,,,,,,,,,,,,,,,,,,,3473727
Uruguay,3/19/2020,94,15,13.429,,,0,27.06,4.318,3.866,,,0,,,,,,,,,,,,,,,,,,,,,,3473727
Uruguay,3/20/2020,110,16,15.143,,,0,31.666,4.606,4.359,,,0,,,,,,,,,,,,,,,,,,,,,,3473727
Uruguay,3/21/2020,135,25,18.429,,,0,38.863,7.197,5.305,,,0,1.24,,,,,,,,,,,,,,,,,,,,,3473727
Uruguay,3/22/2020,158,23,21.429,,,0,45.484,6.621,6.169,,,0,1.23,,,,,,,,,,,,,,,,,,,,,3473727
Uruguay,3/23/2020,162,4,19,,,0,46.636,1.152,5.47,,,0,1.2,,,,,,,,,,,,,,,,,,,,,3473727
Uruguay,3/24/2020,189,27,19.857,,,0,54.408,7.773,5.716,,,0,1.2,,,,,,,,,,,,,,,,,,,,,3473727
Uruguay,3/25/2020,217,28,19.714,,,0,62.469,8.061,5.675,,,0,1.18,,,,,,,,,,,,,,,,,,,,,3473727
Uruguay,3/26/2020,238,21,20.571,,,0,68.514,6.045,5.922,,,0,1.14,,,,,,,,,,,,,,,,,,,,,3473727
Uruguay,3/27/2020,274,36,23.429,,,0,78.878,10.364,6.745,,,0,1.12,,,,,,,,,,,,,,,,,,,,,3473727
Uruguay,3/28/2020,303,29,24,1,1,0.143,87.226,8.348,6.909,0.288,0.288,0.041,1.07,,,,,,,,,,,,,,,,,,,,,3473727
Uruguay,3/29/2020,309,6,21.571,1,0,0.143,88.953,1.727,6.21,0.288,0,0.041,1.02,,,,,,,,,200,,,,,,,,,,,,3473727
Uruguay,3/30/2020,320,11,22.571,1,0,0.143,92.12,3.167,6.498,0.288,0,0.041,0.99,,,,,,,,,299,,,,,,,,,,,,3473727
Uruguay,3/31/2020,338,18,21.286,1,0,0.143,97.302,5.182,6.128,0.288,0,0.041,0.96,,,,,,,,,394,,,,,,,,,,,,3473727
Uruguay,4/1/2020,350,12,19,2,1,0.286,100.756,3.455,5.47,0.576,0.288,0.082,0.93,,,,,,,,,289,,,,,,,,,,,,3473727
Uruguay,4/2/2020,369,19,18.714,4,2,0.571,106.226,5.47,5.387,1.152,0.576,0.165,0.92,,,,,,,,,356,,,,,,,,,,,,3473727
Uruguay,4/3/2020,386,17,16,4,0,0.571,111.12,4.894,4.606,1.152,0,0.165,0.9,,,,,,,,,322,,,,,,,,,,,,3473727
Uruguay,4/4/2020,400,14,13.857,5,1,0.571,115.15,4.03,3.989,1.439,0.288,0.165,0.89,,,,,,,,,277,,,,,,,,,,,,3473727
Uruguay,4/5/2020,406,6,13.857,6,1,0.714,116.877,1.727,3.989,1.727,0.288,0.206,0.89,,,,,,,,,145,,,,,,,,,,,,3473727
Uruguay,4/6/2020,415,9,13.571,6,0,0.714,119.468,2.591,3.907,1.727,0,0.206,0.9,,,,,,,,,177,,,,,,,,,,,,3473727
Uruguay,4/7/2020,424,9,12.286,7,1,0.857,122.059,2.591,3.537,2.015,0.288,0.247,0.91,,,,,,,,,342,,,,,,,,,,,,3473727
Uruguay,4/8/2020,456,32,15.143,7,0,0.714,131.271,9.212,4.359,2.015,0,0.206,0.93,,,,,,,,,448,,,,,,,,,,,,3473727
Uruguay,4/9/2020,473,17,14.857,7,0,0.429,136.165,4.894,4.277,2.015,0,0.123,0.91,,,,,,,,,681,,,,,,,,,,,,3473727
Uruguay,4/10/2020,494,21,15.429,7,0,0.429,142.21,6.045,4.442,2.015,0,0.123,0.88,,,,,,,,,640,,,,,,,,,,,,3473727
Uruguay,4/11/2020,501,7,14.429,7,0,0.286,144.225,2.015,4.154,2.015,0,0.082,0.84,,,,,,,,,618,,,,,,,,,,,,3473727
Uruguay,4/12/2020,480,-21,10.571,7,0,0.143,138.18,-6.045,3.043,2.015,0,0.041,0.83,,,,,,,,,660,,,,,,,,,,,,3473727
Uruguay,4/13/2020,483,3,9.714,8,1,0.286,139.044,0.864,2.797,2.303,0.288,0.082,0.82,,,,,,,,,462,,,,,,,,,,,,3473727
Uruguay,4/14/2020,492,9,9.714,8,0,0.143,141.635,2.591,2.797,2.303,0,0.041,0.81,,,,,,,,,693,,,,,,,,,,,,3473727
Uruguay,4/15/2020,493,1,5.286,9,1,0.286,141.922,0.288,1.522,2.591,0.288,0.082,0.8,,,,,,,,,519,,,,,,,,,,,,3473727
Uruguay,4/16/2020,502,9,4.143,9,0,0.286,144.513,2.591,1.193,2.591,0,0.082,0.82,,,,,,,,,791,,,,,,,,,,,,3473727
Uruguay,4/17/2020,508,6,2,9,0,0.286,146.241,1.727,0.576,2.591,0,0.082,0.84,,,,,,,,,510,,,,,,,,,,,,3473727
Uruguay,4/18/2020,517,9,2.286,9,0,0.286,148.831,2.591,0.658,2.591,0,0.082,0.87,,,,,,,,,729,,,,,,,,,,,,3473727
Uruguay,4/19/2020,528,11,6.857,10,1,0.429,151.998,3.167,1.974,2.879,0.288,0.123,0.91,,,,,,,,,348,,,,,,,,,,,,3473727
Uruguay,4/20/2020,535,7,7.429,10,0,0.286,154.013,2.015,2.139,2.879,0,0.082,0.93,,,,,,,,,,,,,,,,,,,,,3473727
Uruguay,4/21/2020,543,8,7.286,12,2,0.571,156.316,2.303,2.097,3.455,0.576,0.165,0.95,,,,,,,,,,,,,,,,,,,,,3473727
Uruguay,4/22/2020,549,6,8,12,0,0.429,158.044,1.727,2.303,3.455,0,0.123,0.97,,,,,,,,,527,,,,,,,,,,,,3473727
Uruguay,4/23/2020,557,8,7.857,12,0,0.429,160.347,2.303,2.262,3.455,0,0.123,1,,,,,,,,,609,,,,,,,,,,,,3473727
Uruguay,4/24/2020,563,6,7.857,12,0,0.429,162.074,1.727,2.262,3.455,0,0.123,1.04,,,,,,,,,610,,,,,,,,,,,,3473727
Uruguay,4/25/2020,596,33,11.286,14,2,0.714,171.574,9.5,3.249,4.03,0.576,0.206,1.09,,,,,,,,,692,,,,,,,,,,,,3473727
Uruguay,4/26/2020,606,10,11.143,15,1,0.714,174.452,2.879,3.208,4.318,0.288,0.206,1.06,,,,,,,,,662,,,,,,,,,,,,3473727
Uruguay,4/27/2020,620,14,12.143,15,0,0.714,178.483,4.03,3.496,4.318,0,0.206,1.01,,,,,,,,,567,,,,,,,,,,,,3473727
Uruguay,4/28/2020,625,5,11.714,15,0,0.429,179.922,1.439,3.372,4.318,0,0.123,0.95,,,,,,,,,442,,,,,,,,,,,,3473727
Uruguay,4/29/2020,630,5,11.571,15,0,0.429,181.361,1.439,3.331,4.318,0,0.123,0.91,,,,,,,,,635,,,,,,,,,,,,3473727
Uruguay,4/30/2020,643,13,12.286,17,2,0.714,185.104,3.742,3.537,4.894,0.576,0.206,0.88,,,,,,,,,876,,,,,,,,,,,,3473727
Uruguay,5/1/2020,648,5,12.143,17,0,0.714,186.543,1.439,3.496,4.894,0,0.206,0.84,,,,,,,,,731,,,,,,,,,,,,3473727
Uruguay,5/2/2020,652,4,8,17,0,0.429,187.695,1.152,2.303,4.894,0,0.123,0.82,,,,,,,,,807,,,,,,,,,,,,3473727
Uruguay,5/3/2020,655,3,7,17,0,0.286,188.558,0.864,2.015,4.894,0,0.082,0.83,,,,,,,,,610,,,,,,,,,,,,3473727
Uruguay,5/4/2020,657,2,5.286,17,0,0.286,189.134,0.576,1.522,4.894,0,0.082,0.85,,,,,,,,,775,,,,,,,,,,,,3473727
Uruguay,5/5/2020,670,13,6.429,17,0,0.286,192.876,3.742,1.851,4.894,0,0.082,0.88,,,,,,,,,866,,,,,,,,,,,,3473727
Uruguay,5/6/2020,673,3,6.143,17,0,0.286,193.74,0.864,1.768,4.894,0,0.082,0.87,,,,,,,,,1006,,,,,,,,,,,,3473727
Uruguay,5/7/2020,684,11,5.857,17,0,0,196.907,3.167,1.686,4.894,0,0,0.88,,,,,,,,,845,,,,,,,,,,,,3473727
Uruguay,5/8/2020,694,10,6.571,18,1,0.143,199.785,2.879,1.892,5.182,0.288,0.041,0.87,,,,,,,,,1042,,,,,,,,,,,,3473727
Uruguay,5/9/2020,702,8,7.143,18,0,0.143,202.088,2.303,2.056,5.182,0,0.041,0.85,,,,,,,,,1140,,,,,,,,,,,,3473727
Uruguay,5/10/2020,707,5,7.429,19,1,0.286,203.528,1.439,2.139,5.47,0.288,0.082,0.84,,,,,,,,,623,,,,,,,,,,,,3473727
Uruguay,5/11/2020,711,4,7.714,19,0,0.286,204.679,1.152,2.221,5.47,0,0.082,0.82,,,,,,,,,1236,,,,,,,,,,,,3473727
Uruguay,5/12/2020,717,6,6.714,19,0,0.286,206.407,1.727,1.933,5.47,0,0.082,0.81,,,,,,,,,,,,,,,,,,,,,3473727
Uruguay,5/13/2020,719,2,6.571,19,0,0.286,206.982,0.576,1.892,5.47,0,0.082,0.8,,,,,,,,,,,,,,,,,,,,,3473727
Uruguay,5/14/2020,724,5,5.714,19,0,0.286,208.422,1.439,1.645,5.47,0,0.082,0.8,,,,,,,,,709,,,,,,,,,,,,3473727
Uruguay,5/15/2020,732,8,5.429,19,0,0.143,210.725,2.303,1.563,5.47,0,0.041,0.81,,,,,,,,,1000,,,,,,,,,,,,3473727
Uruguay,5/16/2020,733,1,4.429,19,0,0.143,211.013,0.288,1.275,5.47,0,0.041,0.8,,,,,,,,,1016,,,,,,,,,,,,3473727
Uruguay,5/17/2020,734,1,3.857,20,1,0.143,211.3,0.288,1.11,5.758,0.288,0.041,0.83,,,,,,,,,811,,,,,,,,,,,,3473727
Uruguay,5/18/2020,737,3,3.714,20,0,0.143,212.164,0.864,1.069,5.758,0,0.041,0.87,,,,,,,,,825,,,,,,,,,,,,3473727
Uruguay,5/19/2020,738,1,3,20,0,0.143,212.452,0.288,0.864,5.758,0,0.041,0.91,,,,,,,,,523,,,,,,,,,,,,3473727
Uruguay,5/20/2020,746,8,3.857,20,0,0.143,214.755,2.303,1.11,5.758,0,0.041,0.98,,,,,,,,,410,,,,,,,,,,,,3473727
Uruguay,5/21/2020,749,3,3.571,20,0,0.143,215.619,0.864,1.028,5.758,0,0.041,1.02,,,,,,,,,,,,,,,,,,,,,3473727
Uruguay,5/22/2020,753,4,3,20,0,0.143,216.77,1.152,0.864,5.758,0,0.041,1.07,,,,,,,,,,,,,,,,,,,,,3473727
Uruguay,5/23/2020,764,11,4.429,22,2,0.429,219.937,3.167,1.275,6.333,0.576,0.123,1.13,,,,,,,,,1641,,,,,,,,,,,,3473727
Uruguay,5/24/2020,769,5,5,22,0,0.286,221.376,1.439,1.439,6.333,0,0.082,1.16,,,,,,,,,,,,,,,,,,,,,3473727
Uruguay,5/25/2020,787,18,7.143,22,0,0.286,226.558,5.182,2.056,6.333,0,0.082,1.17,,,,,,,,,,,,,,,,,,,,,3473727
Uruguay,5/26/2020,789,2,7.286,22,0,0.286,227.134,0.576,2.097,6.333,0,0.082,1.11,,,,,,,,,549,,,,,,,,,,,,3473727
Uruguay,5/27/2020,803,14,8.143,22,0,0.286,231.164,4.03,2.344,6.333,0,0.082,1.06,,,,,,,,,774,,,,,,,,,,,,3473727
Uruguay,5/28/2020,811,8,8.857,22,0,0.286,233.467,2.303,2.55,6.333,0,0.082,0.99,,,,,,,,,760,,,,,,,,,,,,3473727
Uruguay,5/29/2020,816,5,9,22,0,0.286,234.906,1.439,2.591,6.333,0,0.082,0.91,,,,,,,,,1240,,,,,,,,,,,,3473727
Uruguay,5/30/2020,821,5,8.143,22,0,0,236.346,1.439,2.344,6.333,0,0,0.84,,,,,,,,,1155,,,,,,,,,,,,3473727
Uruguay,5/31/2020,823,2,7.714,22,0,0,236.921,0.576,2.221,6.333,0,0,0.8,,,,,,,,,855,,,,,,,,,,,,3473727
Uruguay,6/1/2020,825,2,5.429,23,1,0.143,237.497,0.576,1.563,6.621,0.288,0.041,0.75,,,,,,,,,,,,,,,,,,,,,3473727
Uruguay,6/2/2020,826,1,5.286,23,0,0.143,237.785,0.288,1.522,6.621,0,0.041,0.72,,,,,,,,,,,,,,,,,,,,,3473727
Uruguay,6/3/2020,828,2,3.571,23,0,0.143,238.361,0.576,1.028,6.621,0,0.041,0.71,,,,,,,,,715,,,,,,,,,,,,3473727
Uruguay,6/4/2020,832,4,3,23,0,0.143,239.512,1.152,0.864,6.621,0,0.041,0.71,,,,,,,,,551,,,,,,,,,,,,3473727
Uruguay,6/5/2020,834,2,2.571,23,0,0.143,240.088,0.576,0.74,6.621,0,0.041,0.71,,,,,,,,,735,,,,,,,,,,,,3473727
Uruguay,6/6/2020,845,11,3.429,23,0,0.143,243.255,3.167,0.987,6.621,0,0.041,0.71,,,,,,,,,921,,,,,,,,,,,,3473727
Uruguay,6/7/2020,845,0,3.143,23,0,0.143,243.255,0,0.905,6.621,0,0.041,0.66,,,,,,,,,596,,,,,,,,,,,,3473727
Uruguay,6/8/2020,845,0,2.857,23,0,0,243.255,0,0.823,6.621,0,0,0.62,,,,,,,,,403,,,,,,,,,,,,3473727
Uruguay,6/9/2020,846,1,2.857,23,0,0,243.542,0.288,0.823,6.621,0,0,0.59,,,,,,,,,464,,,,,,,,,,,,3473727
Uruguay,6/10/2020,847,1,2.714,23,0,0,243.83,0.288,0.781,6.621,0,0,0.56,,,,,,,,,757,,,,,,,,,,,,3473727
Uruguay,6/11/2020,847,0,2.143,23,0,0,243.83,0,0.617,6.621,0,0,0.56,,,,,,,,,820,,,,,,,,,,,,3473727
Uruguay,6/12/2020,847,0,1.857,23,0,0,243.83,0,0.535,6.621,0,0,0.58,,,,,,,,,840,,,,,,,,,,,,3473727
Uruguay,6/13/2020,847,0,0.286,23,0,0,243.83,0,0.082,6.621,0,0,0.61,,,,,,,,,765,,,,,,,,,,,,3473727
Uruguay,6/14/2020,848,1,0.429,23,0,0,244.118,0.288,0.123,6.621,0,0,0.69,,,,,,,,,784,,,,,,,,,,,,3473727
Uruguay,6/15/2020,848,0,0.429,23,0,0,244.118,0,0.123,6.621,0,0,0.75,,,,,,,,,403,,,,,,,,,,,,3473727
Uruguay,6/16/2020,849,1,0.429,24,1,0.143,244.406,0.288,0.123,6.909,0.288,0.041,0.84,,,,,,,,,460,,,,,,,,,,,,3473727
Uruguay,6/17/2020,849,0,0.286,24,0,0.143,244.406,0,0.082,6.909,0,0.041,0.93,,,,,,,,,761,,,,,,,,,,,,3473727
Uruguay,6/18/2020,850,1,0.429,24,0,0.143,244.694,0.288,0.123,6.909,0,0.041,1.06,,,,,,,,,1410,,,,,,,,,,,,3473727
Uruguay,6/19/2020,853,3,0.857,24,0,0.143,245.558,0.864,0.247,6.909,0,0.041,1.21,,,,,,,,,338,,,,,,,,,,,,3473727
Uruguay,6/20/2020,859,6,1.714,25,1,0.286,247.285,1.727,0.494,7.197,0.288,0.082,1.31,,,,,,,,,643,,,,,,,,,,,,3473727
Uruguay,6/21/2020,876,17,4,25,0,0.286,252.179,4.894,1.152,7.197,0,0.082,1.31,,,,,,,,,412,,,,,,,,,,,,3473727
Uruguay,6/22/2020,882,6,4.857,25,0,0.286,253.906,1.727,1.398,7.197,0,0.082,1.32,,,,,,,,,398,,,,,,,,,,,,3473727
Uruguay,6/23/2020,885,3,5.143,25,0,0.143,254.77,0.864,1.481,7.197,0,0.041,1.32,,,,,,,,,1158,,,,,,,,,,,,3473727
Uruguay,6/24/2020,902,17,7.571,26,1,0.286,259.663,4.894,2.18,7.485,0.288,0.082,1.34,,,,,,,,,1473,,,,,,,,,,,,3473727
Uruguay,6/25/2020,907,5,8.143,26,0,0.286,261.103,1.439,2.344,7.485,0,0.082,1.28,,,,,,,,,1290,,,,,,,,,,,,3473727
Uruguay,6/26/2020,919,12,9.429,26,0,0.286,264.557,3.455,2.714,7.485,0,0.082,1.23,,,,,,,,,1157,,,,,,,,,,,,3473727
Uruguay,6/27/2020,924,5,9.286,26,0,0.143,265.997,1.439,2.673,7.485,0,0.041,1.16,,,,,,,,,1418,,,,,,,,,,,,3473727
Uruguay,6/28/2020,929,5,7.571,27,1,0.286,267.436,1.439,2.18,7.773,0.288,0.082,1.12,,,,,,,,,403,,,,,,,,,,,,3473727
Uruguay,6/29/2020,932,3,7.143,27,0,0.286,268.3,0.864,2.056,7.773,0,0.082,1.07,,,,,,,,,1040,,,,,,,,,,,,3473727
Uruguay,6/30/2020,936,4,7.286,27,0,0.286,269.451,1.152,2.097,7.773,0,0.082,1.03,,,,,,,,,674,,,,,,,,,,,,3473727
Uruguay,7/1/2020,943,7,5.857,28,1,0.286,271.466,2.015,1.686,8.061,0.288,0.082,1.01,,,,,,,,,,,,,,,,,,,,,3473727
Uruguay,7/2/2020,947,4,5.714,28,0,0.286,272.618,1.152,1.645,8.061,0,0.082,1,,,,,,,,,,,,,,,,,,,,,3473727
Uruguay,7/3/2020,952,5,4.714,28,0,0.286,274.057,1.439,1.357,8.061,0,0.082,0.98,,,,,,,,,,,,,,,,,,,,,3473727
Uruguay,7/4/2020,955,3,4.429,28,0,0.286,274.921,0.864,1.275,8.061,0,0.082,0.99,,,,,,,,,,,,,,,,,,,,,3473727
Uruguay,7/5/2020,956,1,3.857,28,0,0.143,275.209,0.288,1.11,8.061,0,0.041,1.01,,,,,,,,,,,,,,,,,,,,,3473727
Uruguay,7/6/2020,960,4,4,29,1,0.286,276.36,1.152,1.152,8.348,0.288,0.082,1.04,,,,,,,,,,,,,,,,,,,,,3473727
Uruguay,7/7/2020,965,5,4.143,29,0,0.286,277.8,1.439,1.193,8.348,0,0.082,1.07,,,,,,,,,1056,,,,,,,,,,,,3473727
Uruguay,7/8/2020,974,9,4.429,29,0,0.143,280.39,2.591,1.275,8.348,0,0.041,1.1,,,,,,,,,959,,,,,,,,,,,,3473727
Uruguay,7/9/2020,977,3,4.286,29,0,0.143,281.254,0.864,1.234,8.348,0,0.041,1.12,,,,,,,,,1467,,,,,,,,,,,,3473727
Uruguay,7/10/2020,985,8,4.714,29,0,0.143,283.557,2.303,1.357,8.348,0,0.041,1.15,,,,,,,,,1224,,,,,,,,,,,,3473727
Uruguay,7/11/2020,986,1,4.429,30,1,0.286,283.845,0.288,1.275,8.636,0.288,0.082,1.17,,,,,,,,,858,,,,,,,,,,,,3473727
Uruguay,7/12/2020,987,1,4.429,31,1,0.429,284.133,0.288,1.275,8.924,0.288,0.123,1.22,,,,,,,,,469,,,,,,,,,,,,3473727
Uruguay,7/13/2020,989,2,4.143,31,0,0.286,284.709,0.576,1.193,8.924,0,0.082,1.3,,,,,,,,,1377,,,,,,,,,,,,3473727
Uruguay,7/14/2020,997,8,4.571,31,0,0.286,287.012,2.303,1.316,8.924,0,0.082,1.4,,,,,,,,,1483,,,,,,,,,,,,3473727
Uruguay,7/15/2020,1009,12,5,31,0,0.286,290.466,3.455,1.439,8.924,0,0.082,1.48,,,,,,,,,,,,,,,,,,,,,3473727
Uruguay,7/16/2020,1026,17,7,32,1,0.429,295.36,4.894,2.015,9.212,0.288,0.123,1.53,,,,,,,,,,,,,,,,,,,,,3473727
Uruguay,7/17/2020,1037,11,7.429,32,0,0.429,298.527,3.167,2.139,9.212,0,0.123,1.52,,,,,,,,,,,,,,,,,,,,,3473727
Uruguay,7/18/2020,1044,7,8.286,33,1,0.429,300.542,2.015,2.385,9.5,0.288,0.123,1.52,,,,,,,,,,,,,,,,,,,,,3473727
Uruguay,7/19/2020,1054,10,9.571,33,0,0.286,303.421,2.879,2.755,9.5,0,0.082,1.53,,,,,,,,,,,,,,,,,,,,,3473727
Uruguay,7/20/2020,1064,10,10.714,33,0,0.286,306.299,2.879,3.084,9.5,0,0.082,1.55,,,,,,,,,2033,,,,,,,,,,,,3473727
Uruguay,7/21/2020,1096,32,14.143,33,0,0.286,315.511,9.212,4.071,9.5,0,0.082,1.57,,,,,,,,,1407,,,,,,,,,,,,3473727
Uruguay,7/22/2020,1117,21,15.429,34,1,0.429,321.557,6.045,4.442,9.788,0.288,0.123,1.51,,,,,,,,,3100,,,,,,,,,,,,3473727
Uruguay,7/23/2020,1141,24,16.429,34,0,0.286,328.466,6.909,4.729,9.788,0,0.082,1.45,,,,,,,,,2316,,,,,,,,,,,,3473727
Uruguay,7/24/2020,1166,25,18.429,34,0,0.286,335.663,7.197,5.305,9.788,0,0.082,1.37,,,,,,,,,2100,,,,,,,,,,,,3473727
Uruguay,7/25/2020,1174,8,18.571,34,0,0.143,337.966,2.303,5.346,9.788,0,0.041,1.3,,,,,,,,,1488,,,,,,,,,,,,3473727
Uruguay,7/26/2020,1192,18,19.714,34,0,0.143,343.147,5.182,5.675,9.788,0,0.041,1.24,,,,,,,,,1943,,,,,,,,,,,,3473727
Uruguay,7/27/2020,1202,10,19.714,35,1,0.286,346.026,2.879,5.675,10.076,0.288,0.082,1.18,,,,,,,,,1955,,,,,,,,,,,,3473727
Uruguay,7/28/2020,1218,16,17.429,35,0,0.286,350.632,4.606,5.017,10.076,0,0.082,1.13,,,,,,,,,2363,,,,,,,,,,,,3473727
Uruguay,7/29/2020,1237,19,17.143,35,0,0.143,356.102,5.47,4.935,10.076,0,0.041,1.08,,,,,,,,,1990,,,,,,,,,,,,3473727
Uruguay,7/30/2020,1243,6,14.571,35,0,0.143,357.829,1.727,4.195,10.076,0,0.041,1.04,,,,,,,,,1640,,,,,,,,,,,,3473727
Uruguay,7/31/2020,1264,21,14,35,0,0.143,363.874,6.045,4.03,10.076,0,0.041,1.03,,,,,,,,,2586,,,,,,,,,,,,3473727
Uruguay,8/1/2020,1278,14,14.857,35,0,0.143,367.905,4.03,4.277,10.076,0,0.041,1,,,,,,,,,1663,,,,,,,,,,,,3473727
Uruguay,8/2/2020,1286,8,13.429,36,1,0.286,370.208,2.303,3.866,10.364,0.288,0.082,0.96,,,,,,,,,1853,,,,,,,,,,,,3473727
Uruguay,8/3/2020,1291,5,12.714,36,0,0.143,371.647,1.439,3.66,10.364,0,0.041,0.94,,,,,,,,,1989,,,,,,,,,,,,3473727
Uruguay,8/4/2020,1300,9,11.714,37,1,0.286,374.238,2.591,3.372,10.651,0.288,0.082,0.92,,,,,,,,,,,,,,,,,,,,,3473727
Uruguay,8/5/2020,1309,9,10.286,37,0,0.286,376.829,2.591,2.961,10.651,0,0.082,0.93,,,,,,,,,,,,,,,,,,,,,3473727
Uruguay,8/6/2020,1318,9,10.714,37,0,0.286,379.42,2.591,3.084,10.651,0,0.082,0.94,,,,,,,,,,,,,,,,,,,,,3473727
Uruguay,8/7/2020,1325,7,8.714,37,0,0.286,381.435,2.015,2.509,10.651,0,0.082,0.97,,,,,,,,,,,,,,,,,,,,,3473727
Uruguay,8/8/2020,1335,10,8.143,37,0,0.286,384.313,2.879,2.344,10.651,0,0.082,1.01,,,,,,,,,1953,,,,,,,,,,,,3473727
Uruguay,8/9/2020,1353,18,9.571,37,0,0.143,389.495,5.182,2.755,10.651,0,0.041,1.04,,,,,,,,,,,,,,,,,,,,,3473727
Uruguay,8/10/2020,1364,11,10.429,37,0,0.143,392.662,3.167,3.002,10.651,0,0.041,1.05,,,,,,,,,,,,,,,,,,,,,3473727
Uruguay,8/11/2020,1385,21,12.143,37,0,0,398.707,6.045,3.496,10.651,0,0,1.05,,,,,,,,,2192,,,,,,,,,,,,3473727
Uruguay,8/12/2020,1393,8,12,37,0,0,401.01,2.303,3.455,10.651,0,0,1.03,,,,,,,,,1757,,,,,,,,,,,,3473727
Uruguay,8/13/2020,1409,16,13,37,0,0,405.616,4.606,3.742,10.651,0,0,1.03,,,,,,,,,1514,,,,,,,,,,,,3473727
Uruguay,8/14/2020,1421,12,13.714,38,1,0.143,409.071,3.455,3.948,10.939,0.288,0.041,1.03,,,,,,,,,3899,,,,,,,,,,,,3473727
Uruguay,8/15/2020,1434,13,14.143,38,0,0.143,412.813,3.742,4.071,10.939,0,0.041,1.03,,,,,,,,,1629,,,,,,,,,,,,3473727
Uruguay,8/16/2020,1440,6,12.429,38,0,0.143,414.54,1.727,3.578,10.939,0,0.041,1.02,,,,,,,,,2038,,,,,,,,,,,,3473727
Uruguay,8/17/2020,1457,17,13.286,40,2,0.429,419.434,4.894,3.825,11.515,0.576,0.123,1.03,,,,,,,,,,,,,,,,,,,,,3473727
Uruguay,8/18/2020,1485,28,14.286,40,0,0.429,427.495,8.061,4.113,11.515,0,0.123,1.02,,,,,,,,,,,,,,,,,,,,,3473727
Uruguay,8/19/2020,1493,8,14.286,40,0,0.429,429.798,2.303,4.113,11.515,0,0.123,0.97,,,,,,,,,4527,,,,,,,,,,,,3473727
Uruguay,8/20/2020,1506,13,13.857,41,1,0.571,433.54,3.742,3.989,11.803,0.288,0.165,0.93,,,,,,,,,2310,,,,,,,,,,,,3473727
Uruguay,8/21/2020,1516,10,13.571,42,1,0.571,436.419,2.879,3.907,12.091,0.288,0.165,0.9,,,,,,,,,,,,,,,,,,,,,3473727
Uruguay,8/22/2020,1521,5,12.429,42,0,0.571,437.858,1.439,3.578,12.091,0,0.165,0.88,,,,,,,,,,,,,,,,,,,,,3473727
Uruguay,8/23/2020,1527,6,12.429,42,0,0.571,439.585,1.727,3.578,12.091,0,0.165,0.88,,,,,,,,,1514,,,,,,,,,,,,3473727
Uruguay,8/24/2020,1533,6,10.857,42,0,0.286,441.313,1.727,3.126,12.091,0,0.082,0.88,,,,,,,,,,,,,,,,,,,,,3473727
Uruguay,8/25/2020,1536,3,7.286,43,1,0.429,442.176,0.864,2.097,12.379,0.288,0.123,0.88,,,,,,,,,,,,,,,,,,,,,3473727
Uruguay,8/26/2020,1543,7,7.143,43,0,0.429,444.191,2.015,2.056,12.379,0,0.123,0.92,,,,,,,,,1609,,,,,,,,,,,,3473727
Uruguay,8/27/2020,1551,8,6.429,43,0,0.286,446.494,2.303,1.851,12.379,0,0.082,0.96,,,,,,,,,1379,,,,,,,,,,,,3473727
Uruguay,8/28/2020,1556,5,5.714,43,0,0.143,447.934,1.439,1.645,12.379,0,0.041,1.01,,,,,,,,,1599,,,,,,,,,,,,3473727
Uruguay,8/29/2020,1570,14,7,44,1,0.286,451.964,4.03,2.015,12.667,0.288,0.082,1.08,,,,,,,,,3521,,,,,,,,,,,,3473727
Uruguay,8/30/2020,1585,15,8.286,44,0,0.286,456.282,4.318,2.385,12.667,0,0.082,1.12,,,,,,,,,844,,,,,,,,,,,,3473727
Uruguay,8/31/2020,1595,10,8.857,44,0,0.286,459.161,2.879,2.55,12.667,0,0.082,1.15,,,,,,,,,1106,,,,,,,,,,,,3473727
Uruguay,9/1/2020,1611,16,10.714,44,0,0.143,463.767,4.606,3.084,12.667,0,0.041,1.16,,,,,,,,,1893,,,,,,,,,,,,3473727
Uruguay,9/2/2020,1626,15,11.857,44,0,0.143,468.085,4.318,3.413,12.667,0,0.041,1.16,,,,,,,,,,,,,,,,,,,,,3473727
Uruguay,9/3/2020,1636,10,12.143,44,0,0.143,470.964,2.879,3.496,12.667,0,0.041,1.17,,,,,,,,,,,,,,,,,,,,,3473727
Uruguay,9/4/2020,1653,17,13.857,45,1,0.286,475.858,4.894,3.989,12.954,0.288,0.082,1.18,,,,,,,,,,,,,,,,,,,,,3473727
Uruguay,9/5/2020,1669,16,14.143,45,0,0.143,480.464,4.606,4.071,12.954,0,0.041,1.19,,,,,,,,,,,,,,,,,,,,,3473727
Uruguay,9/6/2020,1679,10,13.429,45,0,0.143,483.343,2.879,3.866,12.954,0,0.041,1.19,,,,,,,,,,,,,,,,,,,,,3473727
Uruguay,9/7/2020,1693,14,14,45,0,0.143,487.373,4.03,4.03,12.954,0,0.041,1.2,,,,,,,,,,,,,,,,,,,,,3473727
Uruguay,9/8/2020,1712,19,14.429,45,0,0.143,492.842,5.47,4.154,12.954,0,0.041,1.2,,,,,,,,,,,,,,,,,,,,,3473727
Uruguay,9/9/2020,1741,29,16.429,45,0,0.143,501.191,8.348,4.729,12.954,0,0.041,1.2,,,,,,,,,1720,,,,,,,,,,,,3473727
Uruguay,9/10/2020,1759,18,17.571,45,0,0.143,506.373,5.182,5.058,12.954,0,0.041,1.17,,,,,,,,,2222,,,,,,,,,,,,3473727
Uruguay,9/11/2020,1773,14,17.143,45,0,0,510.403,4.03,4.935,12.954,0,0,1.14,,,,,,,,,2621,,,,,,,,,,,,3473727
Uruguay,9/12/2020,1780,7,15.857,45,0,0,512.418,2.015,4.565,12.954,0,0,1.12,,,,,,,,,1693,,,,,,,,,,,,3473727
Uruguay,9/13/2020,1808,28,18.429,45,0,0,520.478,8.061,5.305,12.954,0,0,1.12,,,,,,,,,1149,,,,,,,,,,,,3473727
Uruguay,9/14/2020,1812,4,17,45,0,0,521.63,1.152,4.894,12.954,0,0,1.1,,,,,,,,,3394,,,,,,,,,,,,3473727
Uruguay,9/15/2020,1827,15,16.429,45,0,0,525.948,4.318,4.729,12.954,0,0,1.09,,,,,,,,,1797,,,,,,,,,,,,3473727
Uruguay,9/16/2020,1856,29,16.429,45,0,0,534.296,8.348,4.729,12.954,0,0,1.09,,,,,,,,,2046,,,,,,,,,,,,3473727
Uruguay,9/17/2020,1876,20,16.714,46,1,0.143,540.054,5.758,4.812,13.242,0.288,0.041,1.06,,,,,,,,,3015,,,,,,,,,,,,3473727
Uruguay,9/18/2020,1890,14,16.714,46,0,0.143,544.084,4.03,4.812,13.242,0,0.041,1.03,,,,,,,,,1906,,,,,,,,,,,,3473727
Uruguay,9/19/2020,1904,14,17.714,46,0,0.143,548.114,4.03,5.1,13.242,0,0.041,1.01,,,,,,,,,,,,,,,,,,,,,3473727
Uruguay,9/20/2020,1917,13,15.571,46,0,0.143,551.857,3.742,4.483,13.242,0,0.041,1,,,,,,,,,,,,,,,,,,,,,3473727
Uruguay,9/21/2020,1927,10,16.429,46,0,0.143,554.736,2.879,4.729,13.242,0,0.041,0.99,,,,,,,,,3457,,,,,,,,,,,,3473727
Uruguay,9/22/2020,1934,7,15.286,46,0,0.143,556.751,2.015,4.4,13.242,0,0.041,0.98,,,,,,,,,1881,,,,,,,,,,,,3473727
Uruguay,9/23/2020,1946,12,12.857,47,1,0.286,560.205,3.455,3.701,13.53,0.288,0.082,0.99,,,,,,,,,3074,,,,,,,,,,,,3473727
Uruguay,9/24/2020,1959,13,11.857,47,0,0.143,563.948,3.742,3.413,13.53,0,0.041,1.02,,,,,,,,,3009,,,,,,,,,,,,3473727
Uruguay,9/25/2020,1967,8,11,47,0,0.143,566.251,2.303,3.167,13.53,0,0.041,1.05,,,,,,,,,1481,,,,,,,,,,,,3473727
Uruguay,9/26/2020,1998,31,13.429,47,0,0.143,575.175,8.924,3.866,13.53,0,0.041,1.1,,,,,,,,,2532,,,,,,,,,,,,3473727
Uruguay,9/27/2020,2008,10,13,47,0,0.143,578.053,2.879,3.742,13.53,0,0.041,1.1,,,,,,,,,1183,,,,,,,,,,,,3473727
Uruguay,9/28/2020,2010,2,11.857,47,0,0.143,578.629,0.576,3.413,13.53,0,0.041,1.12,,,,,,,,,2841,,,,,,,,,,,,3473727
Uruguay,9/29/2020,2033,23,14.143,48,1,0.286,585.25,6.621,4.071,13.818,0.288,0.082,1.15,,,,,,,,,1543,,,,,,,,,,,,3473727
Uruguay,9/30/2020,2046,13,14.286,48,0,0.143,588.993,3.742,4.113,13.818,0,0.041,1.17,,,,,,,,,2353,,,,,,,,,,,,3473727
Uruguay,10/1/2020,2061,15,14.571,48,0,0.143,593.311,4.318,4.195,13.818,0,0.041,1.21,,,,,,,,,2661,,,,,,,,,,,,3473727
Uruguay,10/2/2020,2097,36,18.571,48,0,0.143,603.674,10.364,5.346,13.818,0,0.041,1.25,,,,,,,,,3220,,,,,,,,,,,,3473727
Uruguay,10/3/2020,2122,25,17.714,48,0,0.143,610.871,7.197,5.1,13.818,0,0.041,1.24,,,,,,,,,3061,,,,,,,,,,,,3473727
Uruguay,10/4/2020,2145,23,19.571,48,0,0.143,617.492,6.621,5.634,13.818,0,0.041,1.23,,,,,,,,,1569,,,,,,,,,,,,3473727
Uruguay,10/5/2020,2155,10,20.714,48,0,0.143,620.371,2.879,5.963,13.818,0,0.041,1.22,,,,,,,,,,,,,,,,,,,,,3473727
Uruguay,10/6/2020,2177,22,20.571,49,1,0.143,626.704,6.333,5.922,14.106,0.288,0.041,1.22,,,,,,,,,,,,,,,,,,,,,3473727
Uruguay,10/7/2020,2206,29,22.857,49,0,0.143,635.053,8.348,6.58,14.106,0,0.041,1.22,,,,,,,,,2819,,,,,,,,,,,,3473727
Uruguay,10/8/2020,2226,20,23.571,49,0,0.143,640.81,5.758,6.786,14.106,0,0.041,1.22,,,,,,,,,2597,,,,,,,,,,,,3473727
Uruguay,10/9/2020,2251,25,22,49,0,0.143,648.007,7.197,6.333,14.106,0,0.041,1.22,,,,,,,,,2995,,,,,,,,,,,,3473727
Uruguay,10/10/2020,2268,17,20.857,50,1,0.286,652.901,4.894,6.004,14.394,0.288,0.082,1.23,,,,,,,,,2720,,,,,,,,,,,,3473727
Uruguay,10/11/2020,2294,26,21.286,50,0,0.286,660.386,7.485,6.128,14.394,0,0.082,1.25,,,,,,,,,1595,,,,,,,,,,,,3473727
Uruguay,10/12/2020,2313,19,22.571,51,1,0.429,665.855,5.47,6.498,14.682,0.288,0.123,1.27,,,,,,,,,2340,,,,,,,,,,,,3473727
Uruguay,10/13/2020,2337,24,22.857,51,0,0.286,672.764,6.909,6.58,14.682,0,0.082,1.29,,,,,,,,,1813,,,,,,,,,,,,3473727
Uruguay,10/14/2020,2388,51,26,51,0,0.286,687.446,14.682,7.485,14.682,0,0.082,1.31,,,,,,,,,2540,,,,,,,,,,,,3473727
Uruguay,10/15/2020,2417,29,27.286,51,0,0.286,695.794,8.348,7.855,14.682,0,0.082,1.31,,,,,,,,,2825,,,,,,,,,,,,3473727
Uruguay,10/16/2020,2450,33,28.429,51,0,0.286,705.294,9.5,8.184,14.682,0,0.082,1.31,,,,,,,,,2954,,,,,,,,,,,,3473727
Uruguay,10/17/2020,2501,51,33.286,51,0,0.143,719.976,14.682,9.582,14.682,0,0.041,1.32,,,,,,,,,2601,,,,,,,,,,,,3473727
Uruguay,10/18/2020,2531,30,33.857,51,0,0.143,728.612,8.636,9.747,14.682,0,0.041,1.31,,,,,,,,,,,,,,,,,,,,,3473727
Uruguay,10/19/2020,2560,29,35.286,51,0,0,736.961,8.348,10.158,14.682,0,0,1.31,,,,,,,,,,,,,,,,,,,,,3473727
Uruguay,10/20/2020,2623,63,40.857,52,1,0.143,755.097,18.136,11.762,14.97,0.288,0.041,1.3,,,,,,,,,2679,,,,,,,,,,,,3473727
Uruguay,10/21/2020,2663,40,39.286,53,1,0.286,766.612,11.515,11.309,15.257,0.288,0.082,1.27,,,,,,,,,3512,,,,,,,,,,,,3473727
Uruguay,10/22/2020,2701,38,40.571,53,0,0.286,777.551,10.939,11.68,15.257,0,0.082,1.25,,,,,,,,,2430,,,,,,,,,,,,3473727
Uruguay,10/23/2020,2759,58,44.143,53,0,0.286,794.248,16.697,12.708,15.257,0,0.082,1.24,,,,,,,,,3054,,,,,,,,,,,,3473727
Uruguay,10/24/2020,2807,48,43.714,53,0,0.286,808.066,13.818,12.584,15.257,0,0.082,1.22,,,,,,,,,3621,,,,,,,,,,,,3473727
Uruguay,10/25/2020,2851,44,45.714,53,0,0.286,820.732,12.667,13.16,15.257,0,0.082,1.2,,,,,,,,,3134,,,,,,,,,,,,3473727
Uruguay,10/26/2020,2872,21,44.571,54,1,0.429,826.778,6.045,12.831,15.545,0.288,0.123,1.18,,,,,,,,,2481,,,,,,,,,,,,3473727
Uruguay,10/27/2020,2916,44,41.857,54,0,0.286,839.444,12.667,12.05,15.545,0,0.082,1.17,,,,,,,,,2438,,,,,,,,,,,,3473727
Uruguay,10/28/2020,2981,65,45.429,55,1,0.286,858.156,18.712,13.078,15.833,0.288,0.082,1.17,,,,,,,,,3710,,,,,,,,,,,,3473727
Uruguay,10/29/2020,3044,63,49,57,2,0.571,876.292,18.136,14.106,16.409,0.576,0.165,1.15,,,,,,,,,3857,,,,,,,,,,,,3473727
Uruguay,10/30/2020,3082,38,46.143,58,1,0.714,887.231,10.939,13.283,16.697,0.288,0.206,1.12,,,,,,,,,2696,,,,,,,,,,,,3473727
Uruguay,10/31/2020,3124,42,45.286,58,0,0.714,899.322,12.091,13.037,16.697,0,0.206,1.11,,,,,,,,,3073,,,,,,,,,,,,3473727
Uruguay,11/1/2020,3149,25,42.571,59,1,0.857,906.519,7.197,12.255,16.985,0.288,0.247,1.1,,,,,,,,,3341,,,,,,,,,,,,3473727
Uruguay,11/2/2020,3165,16,41.857,60,1,0.857,911.125,4.606,12.05,17.273,0.288,0.247,1.12,,,,,,,,,1214,,,,,,,,,,,,3473727
Uruguay,11/3/2020,3196,31,40,61,1,1,920.049,8.924,11.515,17.56,0.288,0.288,1.14,,,,,,,,,2650,,,,,,,,,,,,3473727
Uruguay,11/4/2020,3245,49,37.714,61,0,0.857,934.155,14.106,10.857,17.56,0,0.247,1.18,,,,,,,,,3081,,,,,,,,,,,,3473727
Uruguay,11/5/2020,3309,64,37.857,61,0,0.571,952.579,18.424,10.898,17.56,0,0.165,1.22,,,,,,,,,3271,,,,,,,,,,,,3473727
Uruguay,11/6/2020,3370,61,41.143,61,0,0.429,970.14,17.56,11.844,17.56,0,0.123,1.24,,,,,,,,,3043,,,,,,,,,,,,3473727
Uruguay,11/7/2020,3441,71,45.286,61,0,0.429,990.579,20.439,13.037,17.56,0,0.123,1.27,,,,,,,,,2935,,,,,,,,,,,,3473727
Uruguay,11/8/2020,3514,73,52.143,62,1,0.429,1011.594,21.015,15.011,17.848,0.288,0.123,1.28,,,,,,,,,4226,,,,,,,,,,,,3473727
Uruguay,11/9/2020,3560,46,56.429,62,0,0.286,1024.836,13.242,16.244,17.848,0,0.082,1.28,,,,,,,,,2994,,,,,,,,,,,,3473727
Uruguay,11/10/2020,3620,60,60.571,62,0,0.143,1042.108,17.273,17.437,17.848,0,0.041,1.28,,,,,,,,,3285,,,,,,,,,,,,3473727
Uruguay,11/11/2020,3700,80,65,63,1,0.286,1065.138,23.03,18.712,18.136,0.288,0.082,1.29,,,,,,,,,4341,,,,,,,,,,,,3473727
Uruguay,11/12/2020,3795,95,69.429,63,0,0.286,1092.487,27.348,19.987,18.136,0,0.082,1.29,,,,,,,,,3802,,,,,,,,,,,,3473727
Uruguay,11/13/2020,3883,88,73.286,64,1,0.429,1117.82,25.333,21.097,18.424,0.288,0.123,1.29,,,,,,,,,3183,,,,,,,,,,,,3473727
Uruguay,11/14/2020,3957,74,73.714,64,0,0.429,1139.122,21.303,21.221,18.424,0,0.123,1.28,,,,,,,,,4640,,,,,,,,,,,,3473727
Uruguay,11/15/2020,4030,73,73.714,65,1,0.429,1160.137,21.015,21.221,18.712,0.288,0.123,1.28,,,,,,,,,3829,,,,,,,,,,,,3473727
Uruguay,11/16/2020,4104,74,77.714,67,2,0.714,1181.44,21.303,22.372,19.288,0.576,0.206,1.28,,,,,,,,,2807,,,,,,,,,,,,3473727
Uruguay,11/17/2020,4208,104,84,68,1,0.857,1211.379,29.939,24.182,19.576,0.288,0.247,1.28,,,,,,,,,4092,,,,,,,,,,,,3473727
Uruguay,11/18/2020,4296,88,85.143,68,0,0.714,1236.712,25.333,24.511,19.576,0,0.206,1.27,,,,,,,,,5087,,,,,,,,,,,,3473727
Uruguay,11/19/2020,4377,81,83.143,69,1,0.857,1260.03,23.318,23.935,19.863,0.288,0.247,1.27,,,,,,,,,3555,,,,,,,,,,,,3473727
Uruguay,11/20/2020,4477,100,84.857,69,0,0.714,1288.817,28.788,24.428,19.863,0,0.206,1.28,,,,,,,,,4739,,,,,,,,,,,,3473727
Uruguay,11/21/2020,4564,87,86.714,69,0,0.714,1313.863,25.045,24.963,19.863,0,0.206,1.3,,,,,,,,,,,,,,,,,,,,,3473727
Uruguay,11/22/2020,4699,135,95.571,71,2,0.857,1352.726,38.863,27.513,20.439,0.576,0.247,1.31,,,,,,,,,,,,,,,,,,,,,3473727
Uruguay,11/23/2020,4763,64,94.143,71,0,0.571,1371.15,18.424,27.101,20.439,0,0.165,1.33,,,,,,,,,2131,,,,,,,,,,,,3473727
Uruguay,11/24/2020,4870,107,94.571,72,1,0.571,1401.952,30.803,27.225,20.727,0.288,0.165,1.34,,,,,,,,,5003,,,,,,,,,,,,3473727
Uruguay,11/25/2020,4988,118,98.857,73,1,0.714,1435.922,33.969,28.459,21.015,0.288,0.206,1.36,,,,,,,,,5763,,,,,,,,,,,,3473727
Uruguay,11/26/2020,5117,129,105.714,74,1,0.714,1473.058,37.136,30.433,21.303,0.288,0.206,1.39,,,,,,,,,3830,,,,,,,,,,,,3473727
Uruguay,11/27/2020,5303,186,118,74,0,0.714,1526.602,53.545,33.969,21.303,0,0.206,1.42,,,,,,,,,4329,,,,,,,,,,,,3473727
Uruguay,11/28/2020,5511,208,135.286,75,1,0.857,1586.48,59.878,38.945,21.591,0.288,0.247,1.43,,,,,,,,,3912,,,,,,,,,,,,3473727
Uruguay,11/29/2020,5716,205,145.286,76,1,0.714,1645.495,59.014,41.824,21.879,0.288,0.206,1.43,,,,,,,,,5867,,,,,,,,,,,,3473727
Uruguay,11/30/2020,5857,141,156.286,77,1,0.857,1686.085,40.59,44.991,22.166,0.288,0.247,1.42,,,,,,,,,3698,,,,,,,,,,,,3473727
Uruguay,12/1/2020,6024,167,164.857,78,1,0.857,1734.16,48.075,47.458,22.454,0.288,0.247,1.42,,,,,,,,,3621,,,,,,,,,,,,3473727
Uruguay,12/2/2020,6225,201,176.714,80,2,1,1792.023,57.863,50.872,23.03,0.576,0.288,1.42,,,,,,,,,5267,,,,,,,,,,,,3473727
Uruguay,12/3/2020,6455,230,191.143,80,0,0.857,1858.235,66.211,55.025,23.03,0,0.247,1.42,,,,,,,,,5599,,,,,,,,,,,,3473727
Uruguay,12/4/2020,6731,276,204,80,0,0.857,1937.688,79.454,58.727,23.03,0,0.247,1.43,,,,,,,,,7473,,,,,,,,,,,,3473727
Uruguay,12/5/2020,6965,234,207.714,81,1,0.857,2005.051,67.363,59.796,23.318,0.288,0.247,1.43,,,,,,,,,4961,,,,,,,,,,,,3473727
Uruguay,12/6/2020,7303,338,226.714,82,1,0.857,2102.353,97.302,65.265,23.606,0.288,0.247,1.43,,,,,,,,,7362,,,,,,,,,,,,3473727
Uruguay,12/7/2020,7505,202,235.429,83,1,0.857,2160.504,58.151,67.774,23.894,0.288,0.247,1.42,,,,,,,,,4117,,,,,,,,,,,,3473727
Uruguay,12/8/2020,7806,301,254.571,86,3,1.143,2247.154,86.65,73.285,24.757,0.864,0.329,1.41,,,,,,,,,5622,,,,,,,,,,,,3473727
Uruguay,12/9/2020,8104,298,268.429,87,1,1,2332.941,85.787,77.274,25.045,0.288,0.288,1.41,,,,,,,,,6353,,,,,,,,,,,,3473727
Uruguay,12/10/2020,8487,383,290.286,90,3,1.429,2443.197,110.256,83.566,25.909,0.864,0.411,1.4,,,,,,,,,6385,,,,,,,,,,,,3473727
Uruguay,12/11/2020,8849,362,302.571,90,0,1.429,2547.408,104.211,87.103,25.909,0,0.411,1.4,,,,,,,,,6045,,,,,,,,,,,,3473727
Uruguay,12/12/2020,9180,331,316.429,91,1,1.429,2642.695,95.287,91.092,26.197,0.288,0.411,1.39,,,,,,,,,6669,,,,,,,,,,,,3473727
Uruguay,12/13/2020,9708,528,343.571,92,1,1.429,2794.693,151.998,98.906,26.485,0.288,0.411,1.39,,,,,,,,,6658,,,,,,,,,,,,3473727
Uruguay,12/14/2020,10029,321,360.571,95,3,1.714,2887.101,92.408,103.8,27.348,0.864,0.494,1.38,,,,,,,,,,,,,,,,,,,,,3473727
Uruguay,12/15/2020,10418,389,373.143,98,3,1.714,2999.084,111.983,107.419,28.212,0.864,0.494,1.36,,,,,,,,,,,,,,,,,,,,,3473727
Uruguay,12/16/2020,10893,475,398.429,102,4,2.143,3135.825,136.741,114.698,29.363,1.152,0.617,1.35,,,,,,,,,7410,,,,,,,,,,,,3473727
Uruguay,12/17/2020,11436,543,421.286,105,3,2.143,3292.141,156.316,121.278,30.227,0.864,0.617,1.34,,,,,,,,,8695,,,,,,,,,,,,3473727
Uruguay,12/18/2020,11950,514,443,109,4,2.714,3440.109,147.968,127.529,31.378,1.152,0.781,1.32,,,,,,,,,7177,,,,,,,,,,,,3473727
Uruguay,12/19/2020,12557,607,482.429,114,5,3.286,3614.849,174.74,138.879,32.818,1.439,0.946,1.31,,,,,,,,,8249,,,,,,,,,,,,3473727
Uruguay,12/20/2020,13048,491,477.143,119,5,3.857,3756.196,141.347,137.358,34.257,1.439,1.11,1.29,,,,,,,,,6553,,,,,,,,,,,,3473727
Uruguay,12/21/2020,13477,429,492.571,119,0,3.429,3879.695,123.498,141.799,34.257,0,0.987,1.27,,,,,,,,,5950,,,,,,,,,,,,3473727
Uruguay,12/22/2020,14001,524,511.857,120,1,3.143,4030.541,150.847,147.351,34.545,0.288,0.905,1.26,,,,,,,,,7374,,,,,,,,,,,,3473727
Uruguay,12/23/2020,14710,709,545.286,128,8,3.714,4234.645,204.104,156.974,36.848,2.303,1.069,1.24,,,,,,,,,10892,,,,,,,,,,,,3473727
Uruguay,12/24/2020,15457,747,574.429,135,7,4.286,4449.688,215.043,165.364,38.863,2.015,1.234,1.21,,,,,,,,,13346,,,,,,,,,,,,3473727
Uruguay,12/25/2020,15848,391,556.857,143,8,4.857,4562.247,112.559,160.305,41.166,2.303,1.398,1.18,,,,,,,,,6215,,,,,,,,,,,,3473727
Uruguay,12/26/2020,16218,370,523,147,4,4.714,4668.761,106.514,150.559,42.318,1.152,1.357,1.17,,,,,,,,,3353,,,,,,,,,,,,3473727
Uruguay,12/27/2020,16728,510,525.714,158,11,5.571,4815.577,146.816,151.34,45.484,3.167,1.604,1.17,,,,,,,,,6992,,,,,,,,,,,,3473727
Uruguay,12/28/2020,17306,578,547,160,2,5.857,4981.969,166.392,157.468,46.06,0.576,1.686,1.17,,,,,,,,,5423,,,,,,,,,,,,3473727
Uruguay,12/29/2020,17962,656,565.857,168,8,6.857,5170.815,188.846,162.896,48.363,2.303,1.974,1.16,,,,,,,,,7137,,,,,,,,,,,,3473727
Uruguay,12/30/2020,18480,518,538.571,174,6,6.571,5319.934,149.119,155.041,50.09,1.727,1.892,1.15,,,,,,,,,7410,,,,,,,,,,,,3473727
Uruguay,12/31/2020,19119,639,523.143,181,7,6.571,5503.887,183.952,150.6,52.105,2.015,1.892,1.15,,,,,,,,,6779,,,,,,,,,,,,3473727
Uruguay,1/1/2021,19753,634,557.857,193,12,7.143,5686.4,182.513,160.593,55.56,3.455,2.056,1.15,,,,,,,,,4640,,,,,,,,,,,,3473727
Uruguay,1/2/2021,20275,522,579.571,201,8,7.714,5836.671,150.271,166.844,57.863,2.303,2.221,1.15,,,,,,,,,3973,,,,,,,,,,,,3473727
Uruguay,1/3/2021,20823,548,585,204,3,6.571,5994.426,157.756,168.407,58.727,0.864,1.892,1.16,,,,,,,,,5450,,,,,,,,,,,,3473727
Uruguay,1/4/2021,21426,603,588.571,211,7,7.286,6168.015,173.589,169.435,60.742,2.015,2.097,1.17,,,,,,,,,,,,,,,,,,,,,3473727
Uruguay,1/5/2021,22104,678,591.714,217,6,7,6363.194,195.179,170.34,62.469,1.727,2.015,1.18,,,,,,,,,,,,,,,,,,,,,3473727
Uruguay,1/6/2021,23048,944,652.571,221,4,6.714,6634.949,271.754,187.859,63.62,1.152,1.933,1.18,,,,,,,,,6534,,,,,,,,,,,,3473727
Uruguay,1/7/2021,23807,759,669.714,231,10,7.143,6853.446,218.497,192.794,66.499,2.879,2.056,1.17,,,,,,,,,6031,,,,,,,,,,,,3473727
Uruguay,1/8/2021,24339,532,655.143,240,9,6.714,7006.596,153.15,188.599,69.09,2.591,1.933,1.16,,,,,,,,,7215,,,,,,,,,,,,3473727
Uruguay,1/9/2021,24974,635,671.286,248,8,6.714,7189.396,182.801,193.247,71.393,2.303,1.933,1.17,,,,,,,,,,,,,,,,,,,,,3473727
Uruguay,1/10/2021,26186,1212,766.143,256,8,7.429,7538.301,348.905,220.554,73.696,2.303,2.139,1.19,,,,,,,,,,,,,,,,,,,,,3473727
Uruguay,1/11/2021,26901,715,782.143,262,6,7.286,7744.132,205.831,225.16,75.423,1.727,2.097,1.18,,,,,,,,,4933,,,,,,,,,,,,3473727
Uruguay,1/12/2021,27846,945,820.286,269,7,7.429,8016.174,272.042,236.14,77.438,2.015,2.139,1.16,,,,,,,,,7826,,,,,,,,,,,,3473727
Uruguay,1/13/2021,28475,629,775.286,275,6,7.714,8197.248,181.074,223.186,79.166,1.727,2.221,1.14,,,,,,,,,7385,,,,,,,,,,,,3473727
Uruguay,1/14/2021,29989,1514,883.143,280,5,7,8633.091,435.843,254.235,80.605,1.439,2.015,1.13,,,,,,,,,7640,,,,,,,,,,,,3473727
Uruguay,1/15/2021,30946,957,943.857,291,11,7.286,8908.587,275.497,271.713,83.772,3.167,2.097,1.1,,,,,,,,,8792,,,,,,,,,,,,3473727
Uruguay,1/16/2021,31669,723,956.429,298,7,7.143,9116.721,208.134,275.332,85.787,2.015,2.056,1.06,,,,,,,,,8527,,,,,,,,,,,,3473727
Uruguay,1/17/2021,32378,709,884.571,311,13,7.857,9320.825,204.104,254.646,89.529,3.742,2.262,1.03,,,,,,,,,6247,,,,,,,,,,,,3473727
Uruguay,1/18/2021,32863,485,851.714,319,8,8.143,9460.444,139.619,245.187,91.832,2.303,2.344,1.01,,,,,,,,,,,,,,,,,,,,,3473727
Uruguay,1/19/2021,33446,583,800,330,11,8.714,9628.275,167.831,230.3,94.999,3.167,2.509,1,,,,,,,,,,,,,,,,,,,,,3473727
Uruguay,1/20/2021,34294,848,831.286,336,6,8.714,9872.394,244.118,239.307,96.726,1.727,2.509,0.99,,,,,,,,,7847,,,,,,,,,,,,3473727
Uruguay,1/21/2021,34992,698,714.714,347,11,9.571,10073.33,200.937,205.749,99.893,3.167,2.755,0.98,,,,,,,,,7330,,,,,,,,,,,,3473727
Uruguay,1/22/2021,36170,1178,746.286,364,17,10.429,10412.447,339.117,214.837,104.787,4.894,3.002,0.98,,,,,,,,,9533,,,,,,,,,,,,3473727
Uruguay,1/23/2021,36967,797,756.857,367,3,9.857,10641.884,229.437,217.88,105.65,0.864,2.838,0.96,,,,,,,,,6512,,,,,,,,,,,,3473727
Uruguay,1/24/2021,37633,666,750.714,376,9,9.286,10833.609,191.725,216.112,108.241,2.591,2.673,0.94,,,,,,,,,6314,,,,,,,,,,,,3473727
Uruguay,1/25/2021,38041,408,739.714,390,14,10.143,10951.062,117.453,212.945,112.271,4.03,2.92,0.92,,,,,,,,,4467,,,,,,,,,,,,3473727
Uruguay,1/26/2021,38680,639,747.714,401,11,10.143,11135.014,183.952,215.248,115.438,3.167,2.92,0.91,,,,,,,,,7308,,,,,,,,,,,,3473727
Uruguay,1/27/2021,39328,648,719.143,407,6,10.143,11321.558,186.543,207.023,117.165,1.727,2.92,0.9,,,,,,,,,7628,,,,,,,,,,,,3473727
Uruguay,1/28/2021,39887,559,699.286,415,8,9.714,11482.48,160.922,201.307,119.468,2.303,2.797,0.89,,,,,,,,,7290,,,,,,,,,,,,3473727
Uruguay,1/29/2021,40529,642,622.714,425,10,8.714,11667.296,184.816,179.264,122.347,2.879,2.509,0.89,,,,,,,,,8468,,,,,,,,,,,,3473727
Uruguay,1/30/2021,41181,652,602,431,6,9.143,11854.99,187.695,173.301,124.074,1.727,2.632,0.89,,,,,,,,,6077,,,,,,,,,,,,3473727
Uruguay,1/31/2021,41738,557,586.429,436,5,8.571,12015.337,160.347,168.818,125.514,1.439,2.468,0.89,,,,,,,,,5302,,,,,,,,,,,,3473727
Uruguay,2/1/2021,42128,390,583.857,444,8,7.714,12127.608,112.271,168.078,127.817,2.303,2.221,0.89,,,,,,,,,4097,,,,,,,,,,,,3473727
Uruguay,2/2/2021,42667,539,569.571,453,9,7.429,12282.773,155.165,163.966,130.407,2.591,2.139,0.89,,,,,,,,,7104,,,,,,,,,,,,3473727
Uruguay,2/3/2021,43215,548,555.286,464,11,8.143,12440.529,157.756,159.853,133.574,3.167,2.344,0.89,,,,,,,,,7829,,,,,,,,,,,,3473727
Uruguay,2/4/2021,43804,589,559.571,476,12,8.714,12610.087,169.559,161.087,137.029,3.455,2.509,0.89,,,,,,,,,6814,,,,,,,,,,,,3473727
Uruguay,2/5/2021,44303,499,539.143,478,2,7.571,12753.737,143.65,155.206,137.604,0.576,2.18,0.9,,,,,,,,,,,,,,,,,,,,,3473727
Uruguay,2/6/2021,44812,509,518.714,481,3,7.143,12900.265,146.528,149.325,138.468,0.864,2.056,0.9,,,,,,,,,,,,,,,,,,,,,3473727
Uruguay,2/7/2021,45311,499,510.429,490,9,7.714,13043.915,143.65,146.94,141.059,2.591,2.221,0.92,,,,,,,,,,,,,,,,,,,,,3473727
Uruguay,2/8/2021,45650,339,503.143,497,7,7.571,13141.505,97.59,144.842,143.074,2.015,2.18,0.93,,,,,,,,,,,,,,,,,,,,,3473727
Uruguay,2/9/2021,46153,503,498,506,9,7.571,13286.306,144.801,143.362,145.665,2.591,2.18,0.94,,,,,,,,,,,,,,,,,,,,,3473727
Uruguay,2/10/2021,46778,625,509,516,10,7.429,13466.228,179.922,146.528,148.544,2.879,2.139,0.95,,,,,,,,,,,,,,,,,,,,,3473727
Uruguay,2/11/2021,47254,476,492.857,524,8,6.857,13603.257,137.029,141.881,150.847,2.303,1.974,0.96,,,,,,,,,6126,,,,,,,,,,,,3473727
Uruguay,2/12/2021,47828,574,503.571,527,3,7,13768.497,165.24,144.966,151.71,0.864,2.015,0.97,,,,,,,,,,,,,,,,,,,,,3473727
Uruguay,2/13/2021,48459,631,521,533,6,7.429,13950.146,181.649,149.983,153.438,1.727,2.139,0.99,,,,,,,,,,,,,,,,,,,,,3473727
Uruguay,2/14/2021,48909,450,514,535,2,6.429,14079.69,129.544,147.968,154.013,0.576,1.851,0.99,,,,,,,,,5614,,,,,,,,,,,,3473727
Uruguay,2/15/2021,49360,451,530,541,6,6.286,14209.522,129.832,152.574,155.741,1.727,1.81,1.01,,,,,,,,,3402,,,,,,,,,,,,3473727
Uruguay,2/16/2021,49725,365,510.286,546,5,5.714,14314.596,105.074,146.899,157.18,1.439,1.645,1.02,,,,,,,,,5010,,,,,,,,,,,,3473727
Uruguay,2/17/2021,50208,483,490,553,7,5.286,14453.64,139.044,141.059,159.195,2.015,1.522,1.04,,,,,,,,,6032,,,,,,,,,,,,3473727
Uruguay,2/18/2021,50752,544,499.714,558,5,4.857,14610.244,156.604,143.855,160.634,1.439,1.398,1.06,,,,,,,,,6562,,,,,,,,,,,,3473727
Uruguay,2/19/2021,51377,625,507,563,5,5.143,14790.166,179.922,145.953,162.074,1.439,1.481,1.09,,,,,,,,,6611,,,,,,,,,,,,3473727
Uruguay,2/20/2021,52163,786,529.143,569,6,5.143,15016.436,226.27,152.327,163.801,1.727,1.481,1.12,,,,,,,,,6359,,,,,,,,,,,,3473727
Uruguay,2/21/2021,52815,652,558,574,5,5.571,15204.131,187.695,160.634,165.24,1.439,1.604,1.13,,,,,,,,,5304,,,,,,,,,,,,3473727
Uruguay,2/22/2021,53310,495,564.286,583,9,6,15346.629,142.498,162.444,167.831,2.591,1.727,1.14,,,,,,,,,4867,,,,,,,,,,,,3473727
Uruguay,2/23/2021,53973,663,606.857,588,5,6,15537.49,190.861,174.699,169.271,1.439,1.727,1.16,,,,,,,,,,,,,,,,,,,,,3473727
Uruguay,2/24/2021,54874,901,666.571,591,3,5.429,15796.866,259.376,191.889,170.134,0.864,1.563,1.16,,,,,,,,,,,,,,,,,,,,,3473727
Uruguay,2/25/2021,55695,821,706.143,595,4,5.286,16033.212,236.346,203.281,171.286,1.152,1.522,1.16,,,,,,,,,,,,,,,,,,,,,3473727
Uruguay,2/26/2021,56542,847,737.857,601,6,5.429,16277.042,243.83,212.411,173.013,1.727,1.563,1.16,,,,,,,,,,,,,,,,,,,,,3473727
Uruguay,2/27/2021,57362,820,742.714,603,2,4.857,16513.1,236.058,213.809,173.589,0.576,1.398,1.15,,,,,,,,,6493,372,372,,,,,0.01,0.01,,,,3473727
Uruguay,2/28/2021,57994,632,739.857,608,5,4.857,16695.037,181.937,212.987,175.028,1.439,1.398,1.15,,,,,,,,,5540,377,377,,,5,5,0.01,0.01,,,1,3473727
Uruguay,3/1/2021,58589,595,754.143,611,3,4,16866.323,171.286,217.099,175.892,0.864,1.152,1.15,,,,,,,,,5478,18406,18406,,,18029,9017,0.53,0.53,,,2596,3473727
Uruguay,3/2/2021,59171,582,742.571,617,6,4.143,17033.866,167.543,213.768,177.619,1.727,1.193,1.16,,,,,,,,,6548,33142,33142,,,14736,10923,0.95,0.95,,,3144,3473727
Uruguay,3/3/2021,60074,903,742.857,624,7,4.714,17293.817,259.951,213.85,179.634,2.015,1.357,1.17,,,,,,,,,7118,54448,54448,,,21306,13519,1.57,1.57,,,3892,3473727
Uruguay,3/4/2021,60945,871,750,631,7,5.143,17544.557,250.739,215.906,181.649,2.015,1.481,1.18,,,,,,,,,6701,63430,63430,,,8982,12612,1.83,1.83,,,3631,3473727
Uruguay,3/5/2021,61929,984,769.571,637,6,5.143,17827.826,283.269,221.541,183.377,1.727,1.481,1.19,,,,,,,,,7198,72626,72626,,,9196,12042,2.09,2.09,,,3467,3473727
Uruguay,3/6/2021,63010,1081,806.857,645,8,6,18139.019,311.193,232.274,185.68,2.303,1.727,1.2,,,,,,,,,9318,72631,72631,,,5,10323,2.09,2.09,,,2972,3473727
Uruguay,3/7/2021,63837,827,834.714,651,6,6.143,18377.092,238.073,240.294,187.407,1.727,1.768,1.21,,,,,,,,,5403,72639,72639,,,8,10323,2.09,2.09,,,2972,3473727
Uruguay,3/8/2021,64700,863,873,658,7,6.714,18625.528,248.436,251.315,189.422,2.015,1.933,1.21,,,,,,,,,,100781,100781,,,28142,11768,2.9,2.9,,,3388,3473727
Uruguay,3/9/2021,65527,827,908,666,8,7,18863.601,238.073,261.391,191.725,2.303,2.015,1.22,,,,,,,,,,122614,122614,,,21833,12782,3.53,3.53,,,3680,3473727
Uruguay,3/10/2021,66484,957,915.714,678,12,7.714,19139.098,275.497,263.611,195.179,3.455,2.221,1.23,,,,,,,,,,147791,147791,,,25177,13335,4.25,4.25,,,3839,3473727
Uruguay,3/11/2021,67717,1233,967.429,683,5,7.429,19494.048,354.95,278.499,196.619,1.439,2.139,1.24,,,,,,,,,,170205,170205,,,22414,15254,4.9,4.9,,,4391,3473727
Uruguay,3/12/2021,69074,1357,1020.714,689,6,7.429,19884.694,390.647,293.838,198.346,1.727,2.139,1.25,,,,,,,,,,192917,192917,,,22712,17184,5.55,5.55,,,4947,3473727
Uruguay,3/13/2021,70133,1059,1017.571,698,9,7.571,20189.554,304.86,292.934,200.937,2.591,2.18,1.26,,,,,,,,,,203336,203336,,,10419,18672,5.85,5.85,,,5375,3473727
Uruguay,3/14/2021,71691,1558,1122,712,14,8.714,20638.064,448.51,322.996,204.967,4.03,2.509,1.27,,,,,,,,,,203337,203337,,,1,18671,5.85,5.85,,,5375,3473727
Uruguay,3/15/2021,72862,1171,1166,717,5,8.429,20975.166,337.102,335.663,206.407,1.439,2.426,1.27,,,,,,,,,,214598,214598,,,11261,16260,6.18,6.18,,,4681,3473727
Uruguay,3/16/2021,73770,908,1177.571,725,8,8.429,21236.557,261.391,338.994,208.71,2.303,2.426,1.27,,,,,,,,,,221262,221262,,,6664,14093,6.37,6.37,,,4057,3473727
Uruguay,3/17/2021,75138,1368,1236.286,740,15,8.857,21630.37,393.813,355.896,213.028,4.318,2.55,1.28,,,,,,,,,,229150,229150,,,7888,11623,6.6,6.6,,,3346,3473727
Uruguay,3/18/2021,76816,1678,1299.857,749,9,9.429,22113.425,483.055,374.197,215.619,2.591,2.714,1.29,,,,,,,,,,265670,265670,,,36520,13638,7.65,7.65,,,3926,3473727
Uruguay,3/19/2021,78401,1585,1332.429,760,11,10.143,22569.707,456.282,383.573,218.785,3.167,2.92,1.3,,,,,,,,,,301969,301969,,,36299,15579,8.69,8.69,,,4485,3473727
Uruguay,3/20/2021,79923,1522,1398.571,776,16,11.143,23007.853,438.146,402.614,223.391,4.606,3.208,1.32,,,,,,,,,,314457,314457,,,12488,15874,9.05,9.05,,,4570,3473727
Uruguay,3/21/2021,81537,1614,1406.571,792,16,11.429,23472.484,464.631,404.917,227.997,4.606,3.29,1.33,,,,,,,,,,314477,314477,,,20,15877,9.05,9.05,,,4571,3473727
Uruguay,3/22/2021,84230,2693,1624,811,19,13.429,24247.732,775.248,467.509,233.467,5.47,3.866,1.35,,,,,,,,,14952,353149,353149,,,38672,19793,10.17,10.17,,,5698,3473727
Uruguay,3/23/2021,86007,1777,1748.143,827,16,14.571,24759.286,511.554,503.247,238.073,4.606,4.195,1.33,,,,,,,,,,389551,389551,,,36402,24041,11.21,11.21,,,6921,3473727
Uruguay,3/24/2021,87812,1805,1810.571,843,16,14.714,25278.901,519.615,521.219,242.679,4.606,4.236,1.32,,,,,,,,,,424908,424908,,,35357,27965,12.23,12.23,,,8050,3473727
Uruguay,3/25/2021,89458,1646,1806,856,13,15.286,25752.743,473.843,519.903,246.421,3.742,4.4,1.31,,,,,,,,,11657,468347,468347,,,43439,28954,13.48,13.48,,,8335,3473727
Uruguay,3/26/2021,92343,2885,1991.714,875,19,16.429,26583.263,830.52,573.365,251.891,5.47,4.729,1.32,,,,,,,,,18903,509489,509489,,,41142,29646,14.67,14.67,,,8534,3473727
Uruguay,3/27/2021,95278,2935,2193.571,901,26,17.857,27428.177,844.914,631.475,259.376,7.485,5.141,1.33,,,,,,,,,13098,522645,522645,,,13156,29741,15.05,15.05,,,8562,3473727
Uruguay,3/28/2021,97406,2128,2267,915,14,17.571,28040.776,612.599,652.613,263.406,4.03,5.058,1.31,,,,,,,,,11417,522653,522653,,,8,29739,15.05,15.05,,,8561,3473727
Uruguay,3/29/2021,99584,2178,2193.429,928,13,16.714,28667.768,626.992,631.434,267.148,3.742,4.812,1.31,,,,,,,,,15101,576922,559674,17248,,54269,31968,16.61,16.11,0.5,,9203,3473727
Uruguay,3/30/2021,102461,2877,2350.571,953,25,18,29495.985,828.217,676.671,274.345,7.197,5.182,1.3,,,,,,,,,17864,629008,597810,31198,,52086,34208,18.11,17.21,0.9,,9848,3473727
Uruguay,3/31/2021,105549,3088,2533.857,974,21,18.714,30384.944,888.959,729.435,280.39,6.045,5.387,1.29,,,,,,,,,19414,686892,635362,51530,,57884,37426,19.77,18.29,1.48,,10774,3473727
Uruguay,4/1/2021,108188,2639,2675.714,1009,35,21.857,31144.647,759.703,770.272,290.466,10.076,6.292,1.27,,,,,,,,,15104,734916,674923,59993,,48024,38081,21.16,19.43,1.73,,10963,3473727
Uruguay,4/2/2021,111568,3380,2746.429,1041,32,23.714,32117.665,973.018,790.629,299.678,9.212,6.827,1.26,,,,,,,,,,784022,715336,68686,,49106,39219,22.57,20.59,1.98,,11290,3473727
Uruguay,4/3/2021,113904,2336,2660.857,1071,30,24.286,32790.142,672.477,765.995,308.314,8.636,6.991,1.25,,,,,,,,,,796384,727655,68729,,12362,39106,22.93,20.95,1.98,,11258,3473727
Uruguay,4/4/2021,117757,3853,2907.286,1101,30,26.571,33899.325,1109.183,836.936,316.951,8.636,7.649,1.25,,,,,,,,,,796392,727661,68731,,8,39106,22.93,20.95,1.98,,11258,3473727
Uruguay,4/5/2021,119958,2201,2910.571,1146,45,31.143,34532.938,633.613,837.881,329.905,12.954,8.965,1.24,,,,,,,,,,834703,738411,96292,,38311,36826,24.03,21.26,2.77,,10601,3473727
Uruguay,4/6/2021,123063,3105,2943.143,1191,45,34,35426.791,893.853,847.258,342.859,12.954,9.788,1.24,,,,,,,,,13955,878803,761297,117506,,44100,35685,25.3,21.92,3.38,,10273,3473727
Uruguay,4/7/2021,126987,3924,3062.571,1231,40,36.714,36556.413,1129.622,881.638,354.374,11.515,10.569,1.23,,,,,,,,,,924930,783068,141862,,46127,34005,26.63,22.54,4.08,,9789,3473727
Uruguay,4/8/2021,130657,3670,3209.857,1275,44,38,37612.915,1056.502,924.038,367.041,12.667,10.939,1.22,,,,,,,,,,973665,810546,163119,,48735,34107,28.03,23.33,4.7,,9819,3473727
Uruguay,4/9/2021,137946,7289,3768.286,1363,88,46,39711.238,2098.323,1084.796,392.374,25.333,13.242,1.21,,,,,,,,,15815,1013425,822303,191122,,39760,32772,29.17,23.67,5.5,,9434,3473727
Uruguay,4/10/2021,141380,3434,3925.143,1414,51,49,40699.802,988.564,1129.951,407.056,14.682,14.106,1.16,,,,,,,,,15345,1040447,840193,200254,,27022,34866,29.95,24.19,5.76,,10037,3473727
Uruguay,4/11/2021,144642,3262,3840.714,1462,48,51.571,41638.851,939.049,1105.647,420.874,13.818,14.846,1.12,,,,,,,,,12990,1040813,840553,200260,,366,34917,29.96,24.2,5.76,,10052,3473727
Uruguay,4/12/2021,147173,2531,3887.857,1533,71,55.286,42367.463,728.612,1119.218,441.313,20.439,15.915,1.08,,,,,,,,,11720,1093990,886365,207625,,53177,37041,31.49,25.52,5.98,,10663,3473727
Uruguay,4/13/2021,149430,2257,3766.714,1595,62,57.714,43017.197,649.734,1084.344,459.161,17.848,16.615,1.05,,,,,,,,,16946,1151210,933620,217590,,57220,38915,33.14,26.88,6.26,,11203,3473727
Uruguay,4/14/2021,152089,2659,3586,1647,52,59.429,43782.658,765.46,1032.321,474.131,14.97,17.108,1.03,,,,,,,,,14200,1208908,981463,227445,,57698,40568,34.8,28.25,6.55,,11679,3473727
Uruguay,4/15/2021,156499,4410,3691.714,1726,79,64.429,45052.187,1269.53,1062.753,496.873,22.742,18.547,1.02,,,,,,,,,18835,1272558,1012331,260227,,63650,42699,36.63,29.14,7.49,,12292,3473727
Uruguay,4/16/2021,159569,3070,3089,1788,62,60.714,45935.964,883.777,889.247,514.721,17.848,17.478,0.99,,,,,,,,,,1335337,1041907,293430,,62779,45987,38.44,29.99,8.45,,13239,3473727
Uruguay,4/17/2021,162400,2831,3002.857,1848,60,62,46750.939,814.975,864.448,531.993,17.273,17.848,0.98,,,,,,,,,,1370663,1067746,302917,,35326,47174,39.46,30.74,8.72,,13580,3473727
Uruguay,4/18/2021,164744,2344,2871.714,1908,60,63.714,47425.719,674.78,826.695,549.266,17.273,18.342,0.98,,,,,,,,,,1386799,1083849,302950,,16136,49427,39.92,31.2,8.72,,14229,3473727
Uruguay,4/19/2021,167033,2289,2837.143,1971,63,62.571,48084.665,658.946,816.743,567.402,18.136,18.013,0.97,,,,,,,,,11273,1425656,1091743,333913,,38857,47381,41.04,31.43,9.61,,13640,3473727
Uruguay,4/20/2021,169327,2294,2842.429,2022,51,61,48745.051,660.386,818.265,582.084,14.682,17.56,0.97,,,,,,,,,16076,1471353,1101823,369530,,45697,45735,42.36,31.72,10.64,,13166,3473727
Uruguay,4/21/2021,172601,3274,2930.286,2083,61,62.286,49687.555,942.504,843.557,599.644,17.56,17.931,0.97,,,,,,,,,17646,1517909,1111243,406666,,46556,44143,43.7,31.99,11.71,,12708,3473727
Uruguay,4/22/2021,175891,3290,2770.286,2160,77,62,50634.664,947.11,797.497,621.811,22.166,17.848,0.97,,,,,,,,,,1569065,1120192,448873,,51156,42358,45.17,32.25,12.92,,12194,3473727
Uruguay,4/23/2021,179537,3646,2852.571,2227,67,62.714,51684.257,1049.593,821.185,641.098,19.288,18.054,0.97,,,,,,,,,,1620201,1132205,487996,,51136,40695,46.64,32.59,14.05,,11715,3473727
Uruguay,4/24/2021,182326,2789,2846.571,2283,56,62.143,52487.141,802.884,819.457,657.219,16.121,17.889,0.97,,,,,,,,,,1642515,1141797,500718,,22314,38836,47.28,32.87,14.41,,11180,3473727
Uruguay,4/25/2021,184865,2539,2874.429,2326,43,59.714,53218.057,730.915,827.477,669.598,12.379,17.19,0.96,,,,,,,,,13912,1643032,1142296,500736,,517,36605,47.3,32.88,14.41,,10538,3473727
Uruguay,4/26/2021,187349,2484,2902.286,2391,65,60,53933.139,715.082,835.496,688.31,18.712,17.273,0.96,,,,,,,,,10927,1688257,1151028,537229,,45225,37514,48.6,33.14,15.47,,10799,3473727
Uruguay,4/27/2021,190096,2747,2967,2452,61,61.429,54723.932,790.793,854.126,705.87,17.56,17.684,0.95,,,,,,,,,14368,1733241,1158902,574339,,44984,37413,49.9,33.36,16.53,,10770,3473727
Uruguay,4/28/2021,193027,2931,2918,2497,45,59.143,55567.694,843.762,840.02,718.824,12.954,17.026,0.95,,,,,,,,,15171,1777534,1166614,610920,,44293,37089,51.17,33.58,17.59,,10677,3473727
Uruguay,4/29/2021,195734,2707,2834.714,2563,66,57.571,56346.973,779.278,816.044,737.824,19,16.573,0.94,,,,,,,,,14347,1823677,1174244,649433,,46143,36373,52.5,33.8,18.7,,10471,3473727
Uruguay,4/30/2021,198428,2694,2698.714,2616,53,55.571,57122.508,775.536,776.893,753.082,15.257,15.998,0.94,,,,,,,,,12812,1871472,1182206,689266,,47795,35896,53.88,34.03,19.84,,10334,3473727
Uruguay,5/1/2021,200908,2480,2654.571,2669,53,55.143,57836.439,713.931,764.185,768.339,15.257,15.874,0.94,,,,,,,,,,1871526,1182231,689295,,54,32716,53.88,34.03,19.84,,9418,3473727
Uruguay,5/2/2021,202492,1584,2518.143,2724,55,56.857,58292.433,455.994,724.911,784.172,15.833,16.368,0.95,,,,,,,,,,1871707,1182394,689313,,181,32668,53.88,34.04,19.84,,9404,3473727
Uruguay,5/3/2021,204120,1628,2395.857,2796,72,57.857,58761.094,468.661,689.708,804.899,20.727,16.656,0.96,,,,,,,,,8117,1904311,1195685,708626,,32604,30865,54.82,34.42,20.4,,8885,3473727
Uruguay,5/4/2021,206946,2826,2407.143,2861,65,58.429,59574.63,813.535,692.957,823.611,18.712,16.82,0.98,,,,,,,,,13894,1938292,1207774,730518,,33981,29293,55.8,34.77,21.03,,8433,3473727
Uruguay,5/5/2021,209867,2921,2405.714,2918,57,60.143,60415.513,840.884,692.546,840.02,16.409,17.314,0.99,,,,,,,,,14230,1970721,1218337,752384,,32429,27598,56.73,35.07,21.66,,7945,3473727
Uruguay,5/6/2021,213449,3582,2530.714,2972,54,58.429,61446.682,1031.169,728.53,855.565,15.545,16.82,1,,,,,,,,,15979,2007296,1228393,778903,,36575,26231,57.79,35.36,22.42,,7551,3473727
Uruguay,5/7/2021,216146,2697,2531.143,3032,60,59.429,62223.082,776.4,728.653,872.838,17.273,17.108,1,,,,,,,,,12870,2026387,1237711,788676,,19091,22131,58.33,35.63,22.7,,6371,3473727
Uruguay,5/8/2021,218800,2654,2556,3082,50,59,62987.103,764.021,735.809,887.231,14.394,16.985,1.01,,,,,,,,,11439,2033500,1241424,792076,,7113,23139,58.54,35.74,22.8,,6661,3473727
Uruguay,5/9/2021,220683,1883,2598.714,3122,40,56.857,63529.172,542.069,748.106,898.747,11.515,16.368,1.01,,,,,,,,,12110,2033860,1241446,792414,,360,23165,58.55,35.74,22.81,,6669,3473727
Uruguay,5/10/2021,222870,2187,2678.571,3171,49,53.571,64158.755,629.583,771.094,912.852,14.106,15.422,1.03,,,,,,,,,10232,2078064,1248931,829133,,44204,24822,59.82,35.95,23.87,,7146,3473727
Uruguay,5/11/2021,225847,2977,2700.143,3208,37,49.571,65015.76,857.005,777.304,923.504,10.651,14.27,1.04,,,,,,,,,15160,2121085,1255334,865751,,43021,26113,61.06,36.14,24.92,,7517,3473727
Uruguay,5/12/2021,228102,2255,2605,3252,44,47.714,65664.918,649.159,749.915,936.17,12.667,13.736,1.05,,,,,,,,,,2165552,1262467,903085,,44467,27833,62.34,36.34,26,,8012,3473727
Uruguay,5/13/2021,231901,3799,2636,3318,66,49.429,66758.556,1093.638,758.839,955.17,19,14.229,1.06,,,,,,,,,,2228133,1300333,927800,,62581,31548,64.14,37.43,26.71,,9082,3473727
Uruguay,5/14/2021,235206,3305,2722.857,3369,51,48.143,67709.984,951.428,783.843,969.852,14.682,13.859,1.07,,,,,,,,,14976,2288519,1341502,947017,,60386,37447,65.88,38.62,27.26,,10780,3473727
Uruguay,5/15/2021,238079,2873,2754.143,3419,50,48.143,68537.05,827.066,792.85,984.245,14.394,13.859,1.07,,,,,,,,,,2309953,1359843,950110,,21434,39493,66.5,39.15,27.35,,11369,3473727
Uruguay,5/16/2021,240512,2433,2832.714,3459,40,48.143,69237.45,700.4,815.468,995.76,11.515,13.859,1.08,,,,,,,,,,2310571,1360425,950146,,618,39530,66.52,39.16,27.35,,11380,3473727
Uruguay,5/17/2021,242906,2394,2862.286,3521,62,50,69926.623,689.173,823.981,1013.609,17.848,14.394,1.09,,,,,,,,,11148,2363896,1408776,955120,,53325,40833,68.05,40.56,27.5,,11755,3473727
Uruguay,5/18/2021,246026,3120,2882.714,3578,57,52.857,70824.794,898.171,829.862,1030.018,16.409,15.216,1.1,,,,,,,,,14201,2415802,1453340,962462,,51906,42102,69.54,41.84,27.71,,12120,3473727
Uruguay,5/19/2021,249365,3339,3037.571,3638,60,55.143,71786.01,961.215,874.442,1047.29,17.273,15.874,1.11,,,,,,,,,14060,2459811,1490898,968913,,44009,42037,70.81,42.92,27.89,,12101,3473727
Uruguay,5/20/2021,253941,4576,3148.571,3691,53,53.286,73103.327,1317.317,906.396,1062.548,15.257,15.34,1.12,,,,,,,,,21237,2507603,1532249,975354,,47792,39924,72.19,44.11,28.08,,11493,3473727
Uruguay,5/21/2021,258540,4599,3333.429,3760,69,55.857,74427.265,1323.938,959.612,1082.411,19.863,16.08,1.12,,,,,,,,,17608,2557089,1575182,981907,,49486,38367,73.61,45.35,28.27,,11045,3473727
Uruguay,5/22/2021,262009,3469,3418.571,3811,51,56,75425.904,998.639,984.122,1097.093,14.682,16.121,1.11,,,,,,,,,,2571788,1587413,984375,,14699,37405,74.04,45.7,28.34,,10768,3473727
Uruguay,5/23/2021,265098,3089,3512.286,3871,60,58.857,76315.151,889.247,1011.1,1114.365,17.273,16.944,1.1,,,,,,,,,,2573258,1588439,984819,,1470,37527,74.08,45.73,28.35,,10803,3473727
Uruguay,5/24/2021,267888,2790,3568.857,3922,51,57.286,77118.323,803.172,1027.386,1129.047,14.682,16.491,1.1,,,,,,,,,11723,2615017,1625483,989534,,41759,35874,75.28,46.79,28.49,,10327,3473727
Uruguay,5/25/2021,271859,3971,3690.429,3973,51,56.429,78261.475,1143.153,1062.383,1143.728,14.682,16.244,1.09,,,,,,,,,19179,2654015,1660755,993260,,38998,34030,76.4,47.81,28.59,,9796,3473727
Uruguay,5/26/2021,276435,4576,3867.143,4022,49,54.857,79578.792,1317.317,1113.255,1157.834,14.106,15.792,1.08,,,,,,,,,21368,2692519,1696037,996482,,38504,33244,77.51,48.82,28.69,,9570,3473727
Uruguay,5/27/2021,280372,3937,3775.857,4066,44,53.571,80712.157,1133.365,1086.976,1170.501,12.667,15.422,1.06,,,,,,,,,20597,2732092,1731578,1000514,,39573,32070,78.65,49.85,28.8,,9232,3473727
Uruguay,5/28/2021,282198,1826,3379.714,4118,52,51.143,81237.817,525.66,972.936,1185.47,14.97,14.723,1.05,,,,,,,,,,2769337,1763922,1005415,,37245,30321,79.72,50.78,28.94,,8729,3473727
Uruguay,5/29/2021,288172,5974,3737.571,4176,58,52.143,82957.584,1719.767,1075.954,1202.167,16.697,15.011,1.06,,,,,,,,,,2794350,1775705,1018645,,25013,31795,80.44,51.12,29.32,,9153,3473727
Uruguay,5/30/2021,291488,3316,3770,4213,37,48.857,83912.178,954.594,1085.29,1212.818,10.651,14.065,1.05,,,,,,,,,,2795732,1776955,1018777,,1382,31782,80.48,51.15,29.33,,9149,3473727
Uruguay,5/31/2021,294503,3015,3802.143,4276,63,50.571,84780.122,867.944,1094.543,1230.955,18.136,14.558,1.03,,,,,,,,,16889,2841945,1812649,1029296,,46213,32418,81.81,52.18,29.63,,9332,3473727
Uruguay,6/1/2021,298006,3503,3735.286,4342,66,52.714,85788.549,1008.427,1075.296,1249.954,19,15.175,1.01,,,,,,,,,21699,2887836,1848000,1039836,,45891,33403,83.13,53.2,29.93,,9616,3473727
Uruguay,6/2/2021,301524,3518,3584.143,4394,52,53.143,86801.294,1012.745,1031.786,1264.924,14.97,15.299,1,,,,,,,,,23506,2932870,1882306,1050564,,45034,34336,84.43,54.19,30.24,,9884,3473727
Uruguay,6/3/2021,304411,2887,3434.143,4460,66,56.286,87632.39,831.096,988.605,1283.924,19,16.203,0.99,,,,,,,,,18610,2977348,1916375,1060973,,44478,35037,85.71,55.17,30.54,,10086,3473727
Uruguay,6/4/2021,308490,4079,3756,4516,56,56.857,88806.633,1174.243,1081.259,1300.045,16.121,16.368,0.99,,,,,,,,,,3021240,1950231,1071009,,43892,35986,86.97,56.14,30.83,,10359,3473727
Uruguay,6/5/2021,312703,4213,3504.429,4583,67,58.143,90019.452,1212.818,1008.838,1319.332,19.288,16.738,0.98,,,,,,,,,,3035972,1962343,1073629,,14732,34517,87.4,56.49,30.91,,9937,3473727
Uruguay,6/6/2021,316535,3832,3578.143,4640,57,61,91122.59,1103.138,1030.059,1335.741,16.409,17.56,0.97,,,,,,,,,,3036926,1963286,1073640,,954,34456,87.43,56.52,30.91,,9919,3473727
Uruguay,6/7/2021,318783,2248,3468.571,4692,52,59.429,91769.733,647.144,998.516,1350.711,14.97,17.108,0.96,,,,,,,,,16229,3077265,1998813,1078452,,40339,33617,88.59,57.54,31.05,,9678,3473727
Uruguay,6/8/2021,322978,4195,3567.429,4749,57,58.143,92977.37,1207.637,1026.974,1367.12,16.409,16.738,0.94,,,,,,,,,23566,3115174,2033119,1082055,,37909,32477,89.68,58.53,31.15,,9349,3473727
Uruguay,6/9/2021,326405,3427,3554.429,4816,67,60.286,93963.918,986.548,1023.232,1386.407,19.288,17.355,0.92,,,,,,,,,22520,3163960,2075610,1088350,,48786,33013,91.08,59.75,31.33,,9504,3473727
Uruguay,6/10/2021,330027,3622,3659.429,4862,46,57.429,95006.602,1042.684,1053.459,1399.649,13.242,16.532,0.91,,,,,,,,,23970,3208292,2089044,1119248,,44332,32992,92.36,60.14,32.22,,9498,3473727
Uruguay,6/11/2021,333484,3457,3570.571,4906,44,55.714,96001.787,995.185,1027.879,1412.316,12.667,16.039,0.89,,,,,,,,,21409,3248466,2095297,1153169,,40174,32461,93.52,60.32,33.2,,9345,3473727
Uruguay,6/12/2021,336470,2986,3395.286,4956,50,53.286,96861.383,859.595,977.419,1426.71,14.394,15.34,0.87,,,,,,,,,,3271593,2099031,1172562,,23127,33660,94.18,60.43,33.76,,9690,3473727
Uruguay,6/13/2021,338513,2043,3139.714,4995,39,50.714,97449.512,588.129,903.846,1437.937,11.227,14.599,0.85,,,,,,,,,,3272800,2099518,1173282,,1207,33696,94.22,60.44,33.78,,9700,3473727
Uruguay,6/14/2021,340818,2305,3147.857,5036,41,49.143,98113.064,663.552,906.19,1449.74,11.803,14.147,0.83,,,,,,,,,15546,3330326,2113320,1217006,,57526,36152,95.87,60.84,35.03,,10407,3473727
Uruguay,6/15/2021,343615,2797,2948.143,5089,53,48.571,98918.251,805.187,848.697,1464.997,15.257,13.983,0.82,,,,,,,,,19669,3385123,2128267,1256856,,54797,38564,97.45,61.27,36.18,,11102,3473727
Uruguay,6/16/2021,346515,2900,2872.857,5120,31,43.429,99753.089,834.838,827.024,1473.921,8.924,12.502,0.8,,,,,,,,,20249,3438330,2143363,1294967,,53207,39196,98.98,61.7,37.28,,11284,3473727
Uruguay,6/17/2021,348662,2147,2662.143,5152,32,41.429,100371.158,618.068,766.365,1483.133,9.212,11.926,0.78,,,,,,,,,18915,3482702,2146544,1336158,,44372,39201,100.26,61.79,38.46,,11285,3473727
Uruguay,6/18/2021,351378,2716,2556.286,5207,55,43,101153.027,781.869,735.891,1498.966,15.833,12.379,0.77,,,,,,,,,19476,3530441,2159843,1370598,,47739,40282,101.63,62.18,39.46,,11596,3473727
Uruguay,6/19/2021,353377,1999,2415.286,5241,34,40.714,101728.489,575.463,695.301,1508.754,9.788,11.721,0.76,,,,,,,,,,3544899,2162911,1381988,,14458,39044,102.05,62.26,39.78,,11240,3473727
Uruguay,6/20/2021,354865,1488,2336,5271,30,39.429,102156.848,428.358,672.477,1517.39,8.636,11.351,0.74,,,,,,,,,,3545888,2162917,1382971,,989,39013,102.08,62.27,39.81,,11231,3473727
Uruguay,6/21/2021,356382,1517,2223.429,5316,45,40,102593.554,436.707,640.07,1530.345,12.954,11.515,0.73,,,,,,,,,11933,3598308,2175022,1423286,,52420,38283,103.59,62.61,40.97,,11021,3473727
Uruguay,6/22/2021,358461,2079,2120.857,5350,34,37.286,103192.047,598.493,610.542,1540.133,9.788,10.734,0.72,,,,,,,,,17502,3644685,2184808,1459877,,46377,37080,104.92,62.9,42.03,,10674,3473727
Uruguay,6/23/2021,360247,1786,1961.714,5374,24,36.286,103706.192,514.145,564.729,1547.042,6.909,10.446,0.71,,,,,,,,,16916,3687383,2193169,1494214,,42698,35579,106.15,63.14,43.01,,10242,3473727
Uruguay,6/24/2021,361994,1747,1904.571,5413,39,37.286,104209.11,502.918,548.279,1558.269,11.227,10.734,0.69,,,,,,,,,16951,3729577,2203004,1526573,,42194,35268,107.37,63.42,43.95,,10153,3473727
Uruguay,6/25/2021,363580,1586,1743.143,5447,34,34.286,104665.68,456.57,501.808,1568.056,9.788,9.87,0.68,,,,,,,,,15058,3768647,2213225,1555422,,39070,34029,108.49,63.71,44.78,,9796,3473727
Uruguay,6/26/2021,364859,1279,1640.286,5474,27,33.286,105033.873,368.192,472.198,1575.829,7.773,9.582,0.67,,,,,,,,,,3781595,2214421,1567174,,12948,33814,108.86,63.75,45.12,,9734,3473727
Uruguay,6/27/2021,365866,1007,1571.571,5494,20,31.857,105323.763,289.89,452.417,1581.587,5.758,9.171,0.66,,,,,,,,,,3782826,2214439,1568387,,1231,33848,108.9,63.75,45.15,,9744,3473727
Uruguay,6/28/2021,366915,1049,1504.714,5524,30,29.714,105625.744,301.981,433.17,1590.223,8.636,8.554,0.65,,,,,,,,,10883,3837268,2233002,1604266,,54442,34137,110.47,64.28,46.18,,9827,3473727
Uruguay,6/29/2021,368178,1263,1388.143,5558,34,29.714,105989.331,363.586,399.612,1600.011,9.788,8.554,0.64,,,,,,,,,13139,3891923,2252286,1639637,,54655,35320,112.04,64.84,47.2,,10168,3473727
Uruguay,6/30/2021,369350,1172,1300.429,5593,35,31.286,106326.721,337.39,374.361,1610.086,10.076,9.006,0.63,,,,,,,,,12161,3944737,2271602,1673135,,52814,36765,113.56,65.39,48.17,,10584,3473727
Uruguay,7/1/2021,370600,1250,1229.429,5619,26,29.429,106686.565,359.844,353.922,1617.571,7.485,8.472,0.62,,,,,,,,,12464,3998222,2286996,1711226,,53485,38378,115.1,65.84,49.26,,11048,3473727
Uruguay,7/2/2021,371417,817,1119.571,5642,23,27.857,106921.759,235.194,322.297,1624.192,6.621,8.019,0.6,,,,,,,,,10637,4052384,2299270,1753114,,54162,40534,116.66,66.19,50.47,,11669,3473727
Uruguay,7/3/2021,372178,761,1045.571,5663,21,27,107140.832,219.073,300.994,1630.237,6.045,7.773,0.59,,,,,,,,,,4070402,2302407,1767995,,18018,41258,117.18,66.28,50.9,,11877,3473727
Uruguay,7/4/2021,372709,531,977.571,5689,26,27.857,107293.693,152.862,281.419,1637.722,7.485,8.019,0.59,,,,,,,,,,4071314,2302416,1768898,,912,41213,117.2,66.28,50.92,,11864,3473727
Uruguay,7/5/2021,373286,577,910.143,5711,22,26.714,107459.798,166.104,262.008,1644.056,6.333,7.69,0.58,,,,,,,,,,4122116,2314950,1807166,,50802,40693,118.67,66.64,52.02,,11715,3473727
Uruguay,7/6/2021,374019,733,834.429,5735,24,25.286,107670.81,211.013,240.211,1650.965,6.909,7.279,0.57,,,,,,,,,,4171316,2327022,1844294,,49200,39913,120.08,66.99,53.09,,11490,3473727
Uruguay,7/7/2021,374665,646,759.286,5758,23,23.571,107856.777,185.967,218.58,1657.586,6.621,6.786,0.56,,,,,,,,,,4222490,2336581,1885909,,51174,39679,121.56,67.26,54.29,,11423,3473727
Uruguay,7/8/2021,375298,633,671.143,5772,14,21.857,108039.002,182.225,193.205,1661.616,4.03,6.292,0.56,,,,,,,,,10027,4252311,2348790,1903521,,29821,36298,122.41,67.62,54.8,,10449,3473727
Uruguay,7/9/2021,375902,604,640.714,5790,18,21.143,108212.879,173.877,184.446,1666.798,5.182,6.087,0.55,,,,,,,,,9184,4278057,2357626,1920431,,25746,32239,123.15,67.87,55.28,,9281,3473727
Uruguay,7/10/2021,376281,379,586.143,5807,17,20.571,108321.984,109.105,168.736,1671.692,4.894,5.922,0.55,,,,,,,,,8186,4284063,2359905,1924158,,6006,30523,123.33,67.94,55.39,,8787,3473727
Uruguay,7/11/2021,376579,298,552.857,5815,8,18,108407.771,85.787,159.154,1673.995,2.303,5.182,0.55,,,,,,,,,5981,4284402,2359919,1924483,,339,30441,123.34,67.94,55.4,,8763,3473727
Uruguay,7/12/2021,376876,297,512.857,5833,18,17.429,108493.27,85.499,147.639,1679.176,5.182,5.017,0.55,,,,,,,,,6463,4335917,2388733,1947184,,51515,30543,124.82,68.77,56.05,,8793,3473727
Uruguay,7/13/2021,377297,421,468.286,5849,16,16.286,108614.465,121.195,134.808,1683.782,4.606,4.688,0.55,,,,,,,,,9220,4380689,2413142,1967547,,44772,29910,126.11,69.47,56.64,,8610,3473727
Uruguay,7/14/2021,377704,407,434.143,5854,5,13.714,108731.63,117.165,124.979,1685.222,1.439,3.948,0.55,,,,,,,,,9456,4424868,2436279,1988589,,44179,28911,127.38,70.13,57.25,,8323,3473727
Uruguay,7/15/2021,378041,337,391.857,5865,11,13.286,108828.644,97.014,112.806,1688.388,3.167,3.825,0.55,,,,,,,,,7256,4471481,2455055,2016426,,46613,31310,128.72,70.67,58.05,,9013,3473727
Uruguay,7/16/2021,378480,439,368.286,5871,6,11.571,108955.022,126.377,106.02,1690.116,1.727,3.331,0.56,,,,,,,,,8925,4520403,2468737,2051666,,48922,34621,130.13,71.07,59.06,,9967,3473727
Uruguay,7/17/2021,378733,253,350.286,5879,8,10.286,109027.854,72.832,100.839,1692.419,2.303,2.961,0.56,,,,,,,,,7639,4527161,2470586,2056575,,6758,34728,130.33,71.12,59.2,,9997,3473727
Uruguay,7/18/2021,378875,142,328,5883,4,9.714,109068.732,40.878,94.423,1693.57,1.152,2.797,0.56,,,,,,,,,4949,4527181,2470588,2056593,,20,34683,130.33,71.12,59.2,,9984,3473727
Uruguay,7/19/2021,379072,197,313.714,5889,6,8,109125.444,56.711,90.311,1695.297,1.727,2.303,0.57,,,,,,,,,,4558051,2479716,2078335,,30870,31733,131.22,71.38,59.83,,9135,3473727
Uruguay,7/20/2021,379376,304,297,5896,7,6.714,109212.958,87.514,85.499,1697.312,2.015,1.933,0.58,,,,,,,,,,4583787,2489585,2094202,,25736,29014,131.96,71.67,60.29,,8352,3473727
Uruguay,7/21/2021,379613,237,272.714,5905,9,7.286,109281.184,68.226,78.508,1699.903,2.591,2.097,0.58,,,,,,,,,,4607497,2501906,2105591,,23710,26090,132.64,72.02,60.61,,7511,3473727
Uruguay,7/22/2021,379911,298,267.143,5913,8,6.857,109366.971,85.787,76.904,1702.206,2.303,1.974,0.59,,,,,,,,,,4634903,2515674,2119229,,27406,23346,133.43,72.42,61.01,,6721,3473727
Uruguay,7/23/2021,380151,240,238.714,5919,6,6.857,109436.061,69.09,68.72,1703.934,1.727,1.974,0.59,,,,,,,,,,4674377,2539069,2135308,,39474,21996,134.56,73.09,61.47,,6332,3473727
Uruguay,7/24/2021,380311,160,225.429,5927,8,6.857,109482.121,46.06,64.895,1706.237,2.303,1.974,0.6,,,,,,,,,,4678747,2541344,2137403,,4370,21655,134.69,73.16,61.53,,6234,3473727
Uruguay,7/25/2021,380431,120,222.286,5931,4,6.857,109516.666,34.545,63.991,1707.388,1.152,1.974,0.61,,,,,,,,,,4679713,2542282,2137431,,966,21790,134.72,73.19,61.53,,6273,3473727
Uruguay,7/26/2021,380584,153,216,5936,5,6.714,109560.711,44.045,62.181,1708.827,1.439,1.933,0.62,,,,,,,,,,4711563,2552772,2158791,,31850,21930,135.63,73.49,62.15,,6313,3473727
Uruguay,7/27/2021,380793,209,202.429,5941,5,6.429,109620.877,60.166,58.274,1710.267,1.439,1.851,0.63,,,,,,,,,,4737840,2558879,2178961,,26277,22008,136.39,73.66,62.73,,6336,3473727
Uruguay,7/28/2021,380976,183,194.714,5950,9,6.429,109673.558,52.681,56.053,1712.858,2.591,1.851,0.64,,,,,,,,,,4759771,2560632,2199139,,21931,21753,137.02,73.71,63.31,,6262,3473727
Uruguay,7/29/2021,381187,211,182.286,5953,3,5.714,109734.3,60.742,52.476,1713.721,0.864,1.645,0.64,,,,,,,,,,4779951,2564513,2215438,,20180,20721,137.6,73.83,63.78,,5965,3473727
Uruguay,7/30/2021,381364,177,173.286,5959,6,5.714,109785.254,50.954,49.885,1715.449,1.727,1.645,0.65,,,,,,,,,,4799708,2570166,2229542,,19757,17904,138.17,73.99,64.18,,5154,3473727
Uruguay,7/31/2021,381517,153,172.286,5964,5,5.286,109829.299,44.045,49.597,1716.888,1.439,1.522,0.66,,,,,,,,,,4805176,2572419,2232757,,5468,18061,138.33,74.05,64.28,,5199,3473727
Uruguay,8/1/2021,381569,52,162.571,5966,2,5,109844.268,14.97,46.8,1717.464,0.576,1.439,0.66,,,,,,,,,,4805177,2572419,2232758,,1,17923,138.33,74.05,64.28,,5160,3473727
Uruguay,8/2/2021,381715,146,161.571,5972,6,5.143,109886.298,42.03,46.512,1719.191,1.727,1.481,0.68,,,,,,,,,,4823502,2577804,2245698,,18325,15991,138.86,74.21,64.65,,4603,3473727
Uruguay,8/3/2021,381853,138,151.429,5976,4,5,109926.025,39.727,43.593,1720.342,1.152,1.439,0.69,,,,,,,,,,4843547,2584583,2258045,919,20045,15101,139.43,74.4,65,0.03,4347,3473727
Uruguay,8/4/2021,381994,141,145.429,5979,3,4.143,109966.615,40.59,41.865,1721.206,0.864,1.193,0.7,,,,,,,,,,4860011,2590333,2268682,996,16464,14320,139.91,74.57,65.31,0.03,4122,3473727
Uruguay,8/5/2021,382155,161,138.286,5982,3,4.143,110012.963,46.348,39.809,1722.07,0.864,1.193,0.71,,,,,,,,,,4879763,2596627,2282120,1016,19752,14259,140.48,74.75,65.7,0.03,4105,3473727
Uruguay,8/6/2021,382295,140,133,5986,4,3.857,110053.266,40.303,38.287,1723.221,1.152,1.11,0.72,,,,,,,,,,4896950,2604483,2291415,1052,17187,13892,140.97,74.98,65.96,0.03,3999,3473727
Uruguay,8/7/2021,382360,65,120.429,5986,0,3.143,110071.977,18.712,34.668,1723.221,0,0.905,0.73,,,,,,,,,,4899736,2604985,2293697,1054,2786,13509,141.05,74.99,66.03,0.03,3889,3473727
Uruguay,8/8/2021,382506,146,133.857,5986,0,2.857,110114.007,42.03,38.534,1723.221,0,0.823,0.74,,,,,,,,,,4899814,2605035,2293725,1054,78,13520,141.05,74.99,66.03,0.03,3892,3473727
Uruguay,8/9/2021,382607,101,127.429,5989,3,2.429,110143.083,29.075,36.684,1724.085,0.864,0.699,0.75,,,,,,,,,,4928102,2606308,2320582,1212,28288,14943,141.87,75.03,66.8,0.03,4302,3473727
Uruguay,8/10/2021,382721,114,124,5990,1,2,110175.9,32.818,35.697,1724.373,0.288,0.576,0.76,,,,,,,,,9913,4951968,2607613,2343061,1294,23866,15489,142.55,75.07,67.45,0.04,4459,3473727
Uruguay,8/11/2021,382873,152,125.571,5991,1,1.714,110219.657,43.757,36.149,1724.661,0.288,0.494,0.76,,,,,,,,,10948,4974522,2608808,2364381,1333,22554,16359,143.2,75.1,68.06,0.04,4709,3473727
Uruguay,8/12/2021,382997,124,120.286,5996,5,2,110255.354,35.697,34.627,1726.1,1.439,0.576,0.76,,,,,,,,,10559,4995897,2611332,2383057,1508,21375,16591,143.82,75.17,68.6,0.04,4776,3473727
Uruguay,8/13/2021,383101,104,115.143,5998,2,1.714,110285.293,29.939,33.147,1726.676,0.576,0.494,0.77,,,,,,,,,,5014329,2615032,2397179,2118,18432,16768,144.35,75.28,69.01,0.06,4827,3473727
Uruguay,8/14/2021,383212,111,121.714,6001,3,2.143,110317.247,31.954,35.039,1727.539,0.864,0.617,0.77,,,,,,,,,,5016447,2615142,2398684,2621,2118,16673,144.41,75.28,69.05,0.08,4800,3473727
Uruguay,8/15/2021,383292,80,112.286,6003,2,2.429,110340.277,23.03,32.324,1728.115,0.576,0.699,0.77,,,,,,,,,,5016511,2615174,2398702,2635,64,16671,144.41,75.28,69.05,0.08,4799,3473727
Uruguay,8/16/2021,383387,95,111.429,6004,1,2.143,110367.625,27.348,32.078,1728.403,0.288,0.617,,,,,,,,,,,5067561,2626308,2409188,32065,51050,19923,145.88,75.6,69.35,0.92,5735,3473727
Uruguay,8/17/2021,383505,118,112,6007,3,2.429,110401.595,33.969,32.242,1729.267,0.864,0.699,,,,,,,,,,,5124002,2630036,2418339,75627,56441,24576,147.51,75.71,69.62,2.18,7075,3473727
